Summary data collected by the Greenhouse Gas Reporting Program for 2020,,,,,,,,,,,,,,,,,,,,,,,,,,,,,,,,,,,,,,,,,,,,,,,,,,,,,,,,,,
This data was reported to EPA by facilities as of 08/07/2021,,,,,,,,,,,,,,,,,,,,,,,,,,,,,,,,,,,,,,,,,,,,,,,,,,,,,,,,,,
All emissions data is presented in units of metric tons of carbon dioxide equivalent using GWP's from IPCC's AR4 (see FAQs tab),,,,,,,,,,,,,,Total Emissions from Gathering & Boosting by Gas,,,,,,,,,,,,,,,,,,,,,,,,,,,,,,,,,,,,,,,,,,,,
Facility Id,FRS Id,Facility Name,Basin,Reported City,Reported State,Reported Zip Code,Reported Address,Reported County,Reported Latitude,Reported Longitude,Primary NAICS Code,Industry Type (subparts),Total reported emissions from Gathering & Boosting,CO2 emissions (non-biogenic) ,Methane (CH4) emissions ,Nitrous Oxide (N2O) emissions ,,,,,,,,,,,,,,,,,,,,,,,,,,,,,,,,,,,,,,,,,,
1012156,110070082178,260 - East Texas Basin Gathering/Boosting,260 - East Texas Basin,Houston,TX,77079,737 Eldridge Parkway,HARRIS COUNTY,29.77455,-95.61949,211130,W-GB,"7,459.59","2,418.10","5,040.00",1.49,,,,,,,,,,,,,,,,,,,,,,,,,,,,,,,,,,,,,,,,,,
1013937,110070930993,3Bear - 430 - Permian Basin Gathering and Boosting,430 - Permian Basin,Hobbs,NM,88240,674 Marathon Rd,LEA COUNTY,32.540693,-103.522351,211120,W-GB,"32,906.05","31,138.60","1,752.25",15.20,,,,,,,,,,,,,,,,,,,,,,,,,,,,,,,,,,,,,,,,,,
1013815,110070225663,430 Cotton Draw Midstream,430 - Permian Basin,Oklahoma City,OK,73102,333 West Sheridan Avenue,OKLAHOMA COUNTY,35.46646,-97.51831,211120,W-GB,"95,881.25","88,308.20","7,527.75",45.30,,,,,,,,,,,,,,,,,,,,,,,,,,,,,,,,,,,,,,,,,,
1012353,110070225663,430 Permian Basin GB DEC,430 - Permian Basin,Oklahoma City,OK,73102,333 West Sheridan Ave,OKLAHOMA COUNTY,35.46646,-97.51831,211120,W-GB,"121,503.95","109,323.40","12,129.00",51.55,,,,,,,,,,,,,,,,,,,,,,,,,,,,,,,,,,,,,,,,,,
1013748,,530 Wind River GB DEC,530 - Wind River Basin,Oklahoma City,OK,73102,333 W Sheridan Ave,,35.46716,-97.517745,211120,W-GB,"47,260.38","44,705.80","2,529.25",25.33,,,,,,,,,,,,,,,,,,,,,,,,,,,,,,,,,,,,,,,,,,
1012154,110070082176,580 - San Juan Basin Gathering/Boosting,580 - San Juan Basin,DURANGO,CO,81301,1199 MAIN AVE SUITE 101,,37.3329035142137,-107.877740395536,211130,W-GB,"295,654.18","172,969.00","122,578.50",106.68,,,,,,,,,,,,,,,,,,,,,,,,,,,,,,,,,,,,,,,,,,
1012251,110070082212,ALLP Greenriver Basin,535 - Green River Basin,Denver,CO,80202,1801 California Street Suite 1200,DENVER COUNTY,39.74708,-104.98968,486210,W-GB,"140,333.81","114,724.50","25,543.75",65.56,,,,,,,,,,,,,,,,,,,,,,,,,,,,,,,,,,,,,,,,,,
1012248,110070082211,ALLP Uinta Basin,575 - Uinta Basin,Denver,CO,80202,1801 California St. Suite 1200,DENVER COUNTY,39.74708,-104.98968,486210,W-GB,"118,770.00","90,477.10","28,240.75",52.15,,,,,,,,,,,,,,,,,,,,,,,,,,,,,,,,,,,,,,,,,,
1013405,110070543188,AMP Angelina - Basin 260 G&B,260 - East Texas Basin,Dallas,TX,75201,"2200 Ross Ave., Ste 4600E",DALLAS COUNTY,32.78857,-96.79732,211130,W-GB,"194,181.90","178,579.70","15,535.75",66.45,,,,,,,,,,,,,,,,,,,,,,,,,,,,,,,,,,,,,,,,,,
1013737,110070789270,APR - Basin 430 - Gathering & Boosting,430 - Permian Basin,Midland,TX,79701,"400 W. Illinois, Suite 970",MIDLAND COUNTY,31.99954,-102.07847,211130,W-GB,"158,495.59","150,067.10","8,352.50",75.99,,,,,,,,,,,,,,,,,,,,,,,,,,,,,,,,,,,,,,,,,,
1012817,110070082514,ARKOMA Basin - BG,345 - Arkoma Basin,OKC,OK,73102,621 N. Robinson Ave. - Ste. 300,,35.527425,-97.568748,211130,W-GB,"1,415,785.73","1,196,488.30","218,669.25",628.18,,,,,,,,,,,,,,,,,,,,,,,,,,,,,,,,,,,,,,,,,,
1012355,110001175530,Aera Energy Coastal G and B,740 - Coastal Basins,San Ardo,CA,93450,66893 Sargent Road,MONTEREY COUNTY,35.954969,-120.864089,211120,W-GB,"2,815.80",372.00,"2,443.50",0.30,,,,,,,,,,,,,,,,,,,,,,,,,,,,,,,,,,,,,,,,,,
1012357,110070082248,Aera Energy San Joaquin G and B,745 - San Joaquin Basin,Bakersfield,CA,93311,10000 Ming Avenue,,35.1268513,-119.1855785,211120,W-GB,"66,424.72","46,944.60","19,460.75",19.37,,,,,,,,,,,,,,,,,,,,,,,,,,,,,,,,,,,,,,,,,,
1012439,110070082289,Aka Energy LLC Denver Basin Gathering & Boosting,540 - Denver Basin,Gilcrest,CO,80623,13472 Weld County Road,,40.2847036,-104.77616,486210,W-GB,"61,094.49","57,051.20","4,012.00",31.29,,,,,,,,,,,,,,,,,,,,,,,,,,,,,,,,,,,,,,,,,,
1013388,110070525495,Altus Gathering and Boosting,430 - Permian Basin,San Antonio,TX,78257,"17802 IH-10 West, STE300",BEXAR COUNTY,29.609751,-98.603691,211130,W-GB,"634,685.57","621,579.20","12,826.25",280.12,,,,,,,,,,,,,,,,,,,,,,,,,,,,,,,,,,,,,,,,,,
1012777,110070225670,Amplify Energy Operation LLC 260 East Texas Basin GB,260 - East Texas Basin,Houston,TX,77002,"500 Dallas Street, Suite 1600",HARRIS COUNTY,29.75788,-95.37013,486210,W-GB,"39,535.47","33,424.70","6,092.00",18.77,,,,,,,,,,,,,,,,,,,,,,,,,,,,,,,,,,,,,,,,,,
1012714,110070082422,Antero Midstream LLC- 160 Basin,160 - Appalachian Basin,Denver,CO,80202,1615 Wynkoop Street,DENVER COUNTY,39.752016,-105.000734,221210,W-GB,"46,426.09","44,626.30","1,776.25",23.54,,,,,,,,,,,,,,,,,,,,,,,,,,,,,,,,,,,,,,,,,,
1012652,110070082422,Antero Midstream LLC- 160A Basin,160A - Appalachian Basin (Eastern Overthrust Area),Denver,CO,80202,1615 Wynkoop Street,DENVER COUNTY,39.752016,-105.000734,221210,W-GB,"1,507,874.85","1,453,046.50","53,986.50",841.85,,,,,,,,,,,,,,,,,,,,,,,,,,,,,,,,,,,,,,,,,,
1013853,110070543180,Apache Corporation - Gathering and Boosting Gulf Coast 220,"220 - Gulf Coast Basin (LA, TX)",Houston,TX,77056,"2000 Post Oak Blvd, Suite 100",HARRIS COUNTY,29.7446,-95.4612,211120,W-GB,"21,470.99","18,763.10","2,699.25",8.64,,,,,,,,,,,,,,,,,,,,,,,,,,,,,,,,,,,,,,,,,,
1013392,110070543180,Apache Corporation - Gathering and Boosting Permian 430,430 - Permian Basin,Houston,TX,77056,"2000 Post Oak Blvd, Suite 100",HARRIS COUNTY,29.46843399,-102.96056938,211120,W-GB,"586,405.47","465,998.00","120,179.50",227.97,,,,,,,,,,,,,,,,,,,,,,,,,,,,,,,,,,,,,,,,,,
1012584,110070082380,Appalachian Basin (Eastern Overthrust Area) Gathering and Boosting,160A - Appalachian Basin (Eastern Overthrust Area),Fort Worth,TX,76102,"1200 Summit Ave, Suite 320",TARRANT COUNTY,32.74631,-97.3416,486210,W-GB,"259,819.12","216,730.80","42,965.25",123.07,,,,,,,,,,,,,,,,,,,,,,,,,,,,,,,,,,,,,,,,,,
1012241,110070069539,Appalachian Basin Gathering & Boosting - AAPG Province 160A,160A - Appalachian Basin (Eastern Overthrust Area),Williamsport,PA,17701,"33 West Third Street, Suite 300",,30.16115,-95.45389,211130,W-GB,"134,659.54","81,841.40","52,772.25",45.89,,,,,,,,,,,,,,,,,,,,,,,,,,,,,,,,,,,,,,,,,,
1012861,110070106047,Arsenal Midstream LLC 160A Appalachian Basin GB,160A - Appalachian Basin (Eastern Overthrust Area),Wexford,PA,15090,"6031 Wallace Road Ext., Suite 300",ALLEGHENY COUNTY,40.63381,-80.0646,211130,W-GB,"45,015.65","38,852.90","6,141.00",21.75,,,,,,,,,,,,,,,,,,,,,,,,,,,,,,,,,,,,,,,,,,
1013230,,BCE-Mach III Midstream Holding LLC (Boosters - 360 Anadarko Basin GB,360 - Anadarko Basin,Oklahoma City,OK,73134,14201 Wireless Way St 300,,35.614130897666,-97.5802329067463,211130,W-GB,"37,311.69","30,702.20","6,592.50",16.99,,,,,,,,,,,,,,,,,,,,,,,,,,,,,,,,,,,,,,,,,,
1012452,110070082295,BPX Energy 220 Gulf Coast Basin GB,"220 - Gulf Coast Basin (LA, TX)",Houston,TX,77079,501 Westlake Park Blvd,HARRIS COUNTY,29.78037,-95.6295,211130,W-GB,"195,950.92","151,214.30","44,658.25",78.37,,,,,,,,,,,,,,,,,,,,,,,,,,,,,,,,,,,,,,,,,,
1012748,110070082479,Basin 220 South TX & South LA - BG,"220 - Gulf Coast Basin (LA, TX)",Dallas,TX,75201,1900 N. Akard,DALLAS COUNTY,32.7871,-96.80262,211130,W-GB,"1,906.40",26.90,"1,879.50",,,,,,,,,,,,,,,,,,,,,,,,,,,,,,,,,,,,,,,,,,,
1012712,110040414851,Basin 430 West Texas BG,430 - Permian Basin,Dallas,TX,75201,1900 N Akard,DALLAS COUNTY,32.7871,-96.80262,211120,W-GB,"195,057.40","183,932.30","11,020.50",104.60,,,,,,,,,,,,,,,,,,,,,,,,,,,,,,,,,,,,,,,,,,
1012826,110070082219,Basin 540 Denver Julesburg – G&B,540 - Denver Basin,Houston,TX,77070,1001 Noble Energy Way,,29.9601879,-95.5587992,486210,W-GB,"525,827.44","334,006.50","191,655.25",165.69,,,,,,,,,,,,,,,,,,,,,,,,,,,,,,,,,,,,,,,,,,
1012272,110070082219,Basin 540 Denver Julesburg – NBL Midstream Holdings LLC,540 - Denver Basin,Houston,TX,77070,1001 Noble Energy Way,,29.9601879,-95.5587992,486210,W-GB,"65,807.87","59,320.60","6,460.75",26.52,,,,,,,,,,,,,,,,,,,,,,,,,,,,,,,,,,,,,,,,,,
1012713,110070082458,Berry Petroleum Company 575 Uinta Basin Gathering and Boosting,575 - Uinta Basin,Bakersfield,CA,93309,5201 Truxtun ave.,KERN COUNTY,35.368562,-119.060231,211130,W-GB,"29,495.07","20,149.20","9,334.25",11.62,,,,,,,,,,,,,,,,,,,,,,,,,,,,,,,,,,,,,,,,,,
1012219,110070209511,"Bighorn Gas Gathering, L.L.C 515 Powder River Basin",515 - Powder River Basin,Houston,TX,77002,"1001 Louisiana St, Suite 1000",HARRIS COUNTY,29.75816,-95.36782,211130,W-GB,286.40,0.40,286.00,,,,,,,,,,,,,,,,,,,,,,,,,,,,,,,,,,,,,,,,,,,
1012412,110070082275,Black Bear Gathering and Boosting – Arkla Basin,230 - Arkla Basin,Frierson,LA,71027,1716 Friendship Rd,DE SOTO PARISH,32.234479,-93.68189,486210,W-GB,"18,980.44","16,836.90","2,134.00",9.54,,,,,,,,,,,,,,,,,,,,,,,,,,,,,,,,,,,,,,,,,,
1012800,110070082507,Black Hills Energy Arkansas LLC_345 Arkoma Basin_GB,345 - Arkoma Basin,Fayetteville,AR,72703,655 E. Millsap Road Suite 104,WASHINGTON COUNTY,36.11468,-94.14823,486210,W-GB,"57,501.16","9,262.60","48,232.00",6.56,,,,,,,,,,,,,,,,,,,,,,,,,,,,,,,,,,,,,,,,,,
1013930,,Blue Mountain Midstream - G&B - Basin 360,360 - Anadarko Basin,Tulsa,OK,74103,320 S Boston Ave. St 900,,36.1534636638646,-95.9899072870426,211130,W-GB,"43,533.86","38,910.00","4,603.00",20.86,,,,,,,,,,,,,,,,,,,,,,,,,,,,,,,,,,,,,,,,,,
1012563,110070082348,"Blue Racer Midstream, LLC 160 Appalachian Basin GB",160 - Appalachian Basin,Dallas,TX,75225,"5949 Sherry Lane, Suite 1300",DALLAS COUNTY,32.8623,-96.8101,211130,W-GB,"39,067.12","19,718.80","19,337.00",11.32,,,,,,,,,,,,,,,,,,,,,,,,,,,,,,,,,,,,,,,,,,
1012532,110070082348,"Blue Racer Midstream, LLC 160A Appalachian Basin (Eastern Overthrust Area) GB",160A - Appalachian Basin (Eastern Overthrust Area),Dallas,TX,75225,"5949 Sherry Lane, Suite 1300",DALLAS COUNTY,32.8623,-96.8101,211130,W-GB,"70,871.02","50,545.60","20,291.75",33.67,,,,,,,,,,,,,,,,,,,,,,,,,,,,,,,,,,,,,,,,,,
1012589,110070082385,Bluestone Gathering System,160A - Appalachian Basin (Eastern Overthrust Area),New Milford,PA,18834,1429 Oliver Rd,SUSQUEHANNA COUNTY,41.8211,-75.684814,486210,W-GB,"303,111.14","188,842.80","114,162.25",106.09,,,,,,,,,,,,,,,,,,,,,,,,,,,,,,,,,,,,,,,,,,
1012996,110070209451,"Brazos Delaware Gas, LLC 430 Permian GB”",430 - Permian Basin,Fort Worth,TX,76107,"3017 W. 7th St, suite 300",TARRANT COUNTY,32.75108,-97.36075,486210,W-GB,"302,423.40","292,731.30","9,528.50",163.60,,,,,,,,,,,,,,,,,,,,,,,,,,,,,,,,,,,,,,,,,,
1012145,110070209517,"CH4-Finley Operating, LLC - Uinta Basin (575) Gas Gathering Stations",575 - Uinta Basin,Fort Worth,TX,76109,"5128 Apache Plume Road, Suite 300",TARRANT COUNTY,39.74497,-104.98943,486210,W-GB,"52,938.49","45,420.80","7,493.25",24.44,,,,,,,,,,,,,,,,,,,,,,,,,,,,,,,,,,,,,,,,,,
1012761,110070069804,CNX Gas Company LLC - 160 Appalachian Basin - GB,160 - Appalachian Basin,Canonsburg,PA,15317,1000 CONSOL Energy Drive,WASHINGTON COUNTY,40.27724,-80.16623,213112,W-GB,247.85,0.10,247.75,,,,,,,,,,,,,,,,,,,,,,,,,,,,,,,,,,,,,,,,,,,
1012729,110070069804,CNX Gas Company LLC - 160A Appalachian Basin Eastern Overthrust Area - GB,160A - Appalachian Basin (Eastern Overthrust Area),Canonsburg,PA,15317,1000 CONSOL Energy Drive,WASHINGTON COUNTY,40.27724,-80.16623,213112,W-GB,"130,111.13","6,269.60","123,838.25",3.28,,,,,,,,,,,,,,,,,,,,,,,,,,,,,,,,,,,,,,,,,,
1012762,110070069804,CNX Midstream Operating Company LLC - 160A Appalachian Basin Eastern Overthrust Area - GB,160A - Appalachian Basin (Eastern Overthrust Area),Canonsburg,PA,15317,1000 CONSOL Energy Drive,WASHINGTON COUNTY,40.27724,-80.16623,486210,W-GB,"238,726.87","206,968.10","31,642.25",116.52,,,,,,,,,,,,,,,,,,,,,,,,,,,,,,,,,,,,,,,,,,
1013712,110058239106,CRI 395 G&B Williston,395 - Williston Basin,Oklahoma City,OK,73102,20 N. Broadway,OKLAHOMA COUNTY,35.46735,-97.5145,211120,W-GB,"37,622.54","27,471.90","10,134.25",16.39,,,,,,,,,,,,,,,,,,,,,,,,,,,,,,,,,,,,,,,,,,
1012360,110070082250,CRPC - San Joaquin Valley Gathering and Boosting,745 - San Joaquin Basin,Bakersfield,CA,93311,"900 Old River Road, Plaza",,35.1268513,-119.1855785,211120,W-GB,"1,032,111.94","898,912.20","132,669.00",530.74,,,,,,,,,,,,,,,,,,,,,,,,,,,,,,,,,,,,,,,,,,
1012361,110070082251,CRPC – Sacramento Valley Basin Gathering and Boosting,730 - Sacramento Basin,Bakersfield,CA,93311,"900 Old River Road, Plaza",,35.1268513,-119.1855785,211130,W-GB,"160,583.30","81,749.40","78,789.50",44.40,,,,,,,,,,,,,,,,,,,,,,,,,,,,,,,,,,,,,,,,,,
1013095,110070225653,"Caerus Energy Services, LLC",595 - Piceance Basin,Denver,CO,80202,1001 17th Street,DENVER COUNTY,39.74846,-104.99402,211130,W-GB,"173,580.51","83,068.60","90,461.25",50.66,,,,,,,,,,,,,,,,,,,,,,,,,,,,,,,,,,,,,,,,,,
1012348,110070082244,California Resources Production Corporation- LA Basin Gathering and Boosting,760 - Los Angeles Basin,Long Beach,CA,90802,"1 World Trade Center, Suite 1500",,33.7415317,-118.1941785,211120,W-GB,"244,800.52","231,954.70","12,715.00",130.82,,,,,,,,,,,,,,,,,,,,,,,,,,,,,,,,,,,,,,,,,,
1012351,110070082245,California Resources Production Corporation- Ventura Basin Gathering and Boosting,755 - Ventura Basin,Ventura,CA,93001,2575 Vista Del Mar Drive,,34.2769462,-119.2769253,211120,W-GB,"44,272.47","27,133.90","17,127.25",11.32,,,,,,,,,,,,,,,,,,,,,,,,,,,,,,,,,,,,,,,,,,
1012742,110070082475,Callon (Eagle Ford) LLC - Basin 220 GB,"220 - Gulf Coast Basin (LA, TX)",Houston,TX,77042,"2000 W. Sam Houston South, Suite 2000",,29.75788,-95.37013,211120,W-GB,"340,928.08","239,679.20","101,119.25",129.63,,,,,,,,,,,,,,,,,,,,,,,,,,,,,,,,,,,,,,,,,,
1013086,110070082471,"Catarina Midstream, LLC 220 Gulf Coast Basin GB","220 - Gulf Coast Basin (LA, TX)",Houston,TX,77002,"1000 Main Street, Suite 3000",HARRIS COUNTY,29.75661,-95.36528,486210,W-GB,"125,501.42","115,889.30","9,547.75",64.37,,,,,,,,,,,,,,,,,,,,,,,,,,,,,,,,,,,,,,,,,,
1012325,110070082236,"Chesapeake Operating LLC, 220 - Gulf Coast Basin G&B","220 - Gulf Coast Basin (LA, TX)",Oklahoma City,OK,73118,6100 N. Western Avenue,OKLAHOMA COUNTY,35.53376,-97.52976,211120,W-GB,"23,207.30","18,545.30","4,646.50",15.50,,,,,,,,,,,,,,,,,,,,,,,,,,,,,,,,,,,,,,,,,,
1012257,110002701238,Chevron MCA 260 East Texas Basin Gathering and Boosting,260 - East Texas Basin,San Ramon,CA,94583,6001 Bollinger Canyon Road,CONTRA COSTA COUNTY,37.795963,-122.022317,211130,W-GB,"28,029.37","7,806.50","20,219.00",3.87,,,,,,,,,,,,,,,,,,,,,,,,,,,,,,,,,,,,,,,,,,
1012305,110002701238,Chevron MCA 430 Permian Basin Gathering and Boosting,430 - Permian Basin,San Ramon,CA,94583,6001 Bollinger Canyon Road,CONTRA COSTA COUNTY,37.795963,-122.022317,211130,W-GB,"868,083.51","786,083.80","81,584.00",415.71,,,,,,,,,,,,,,,,,,,,,,,,,,,,,,,,,,,,,,,,,,
1012311,110002701238,Chevron MCA 595 Piceance Basin Gathering and Boosting,595 - Piceance Basin,San Ramon,CA,94583,6001 Bollinger Canyon Road,CONTRA COSTA COUNTY,37.795963,-122.022317,211130,W-GB,"26,326.62","20,218.50","6,096.50",11.62,,,,,,,,,,,,,,,,,,,,,,,,,,,,,,,,,,,,,,,,,,
1012708,110070082455,Cimarex Energy Co - 430 Permian Boosting and Gathering,430 - Permian Basin,Tulsa,OK,74103,202 S Cheyenne,TULSA COUNTY,36.15326,-95.99381,211130,W-GB,"729,591.06","665,824.20","63,410.75",356.11,,,,,,,,,,,,,,,,,,,,,,,,,,,,,,,,,,,,,,,,,,
1012146,110002701238,Coastal Basin Gathering & Boosting - Chevron USA Inc.,740 - Coastal Basins,San Ramon,CA,94583,6001 Bollinger Canyon Rd.,CONTRA COSTA COUNTY,37.795963,-122.022317,211120,W-GB,"178,482.15","175,764.90","2,621.00",96.25,,,,,,,,,,,,,,,,,,,,,,,,,,,,,,,,,,,,,,,,,,
1013311,110070525487,Cogent Midstream WesTex 430 Permian G&B,430 - Permian Basin,Dallas,TX,75201,"2000 McKinney, Suite 400",DALLAS COUNTY,32.79111,-96.80345,486210,W-GB,"394,655.74","361,662.10","32,791.00",202.64,,,,,,,,,,,,,,,,,,,,,,,,,,,,,,,,,,,,,,,,,,
1013952,110070931013,Collegiate Midstream LLC,430 - Permian Basin,Midland,TX,79701,"500 W Wall Street, Suite 300",MIDLAND COUNTY,31.99741,-102.07963,213112,W-GB,"55,890.99","52,639.50","3,228.25",23.24,,,,,,,,,,,,,,,,,,,,,,,,,,,,,,,,,,,,,,,,,,
1012607,110070082398,Colt - Bend Arch Basin 425,425 - Bend Arch,Houston,TX,77056,"5400 Westheimer Ct, 2nd Floor",HARRIS COUNTY,29.74013,-95.47309,211130,W-GB,"36,943.27","24,371.00","12,559.75",12.52,,,,,,,,,,,,,,,,,,,,,,,,,,,,,,,,,,,,,,,,,,
1012672,110070082436,Colt - Fort Worth Syncline 420,420 - Fort Worth Syncline,Houston,TX,77056,"5400 Westheimer Ct, 2nd Floor",HARRIS COUNTY,29.74013,-95.47309,211130,W-GB,"73,399.49","56,918.90","16,441.25",39.34,,,,,,,,,,,,,,,,,,,,,,,,,,,,,,,,,,,,,,,,,,
1013415,110070543166,"Columbus Energy 220 Gulf Coast Basin (LA,TX) GB","220 - Gulf Coast Basin (LA, TX)",Houston,TX,77024,10000 Memorial Dr. Suite 500,HARRIS COUNTY,29.77858,-95.48104,211130,W-GB,"27,104.46","23,865.30","3,225.75",13.41,,,,,,,,,,,,,,,,,,,,,,,,,,,,,,,,,,,,,,,,,,
1012534,110070082350,"Compass Production Partners, LP - Arkla Basin #230 Gathering & Boosting",230 - Arkla Basin,Tulsa,OK,74136,"5555 East 71st Street, Suite 8200",TULSA COUNTY,36.06093,-95.914545,211130,W-GB,"35,465.95","26,677.30","8,773.75",14.90,,,,,,,,,,,,,,,,,,,,,,,,,,,,,,,,,,,,,,,,,,
1012157,110070082179,"ConocoPhillips Gulf Coast Basin 220, Gathering and Boosting","220 - Gulf Coast Basin (LA, TX)",Houston,TX,77079,925 N. Eldridge Parkway.,HARRIS COUNTY,29.782,-95.61749,211120,W-GB,"921,124.03","779,035.40","141,720.00",368.63,,,,,,,,,,,,,,,,,,,,,,,,,,,,,,,,,,,,,,,,,,
1012230,110070082202,"ConocoPhillips Permian Basin 430, Gathering and Boosting",430 - Permian Basin,Houston,TX,77079,925 N. Eldridge Parkway,HARRIS COUNTY,29.782,-95.61749,211120,W-GB,"130,431.33","105,542.60","24,833.00",55.73,,,,,,,,,,,,,,,,,,,,,,,,,,,,,,,,,,,,,,,,,,
1012301,110070082227,"ConocoPhillips' Williston, Gathering & Boosting (395)",395 - Williston Basin,Houston,TX,77079,925 N. Eldridge Parkway,HARRIS COUNTY,29.78754,-95.61767,211120,W-GB,"113,307.77","94,051.50","19,222.00",34.27,,,,,,,,,,,,,,,,,,,,,,,,,,,,,,,,,,,,,,,,,,
1013849,,Constellation Compressor Station,160A - Appalachian Basin (Eastern Overthrust Area),West Sunbury,PA,16061,160 Whitmire Road,,40.9473602952759,-79.8622372448081,211130,W-GB,"36,864.51","36,511.00",339.50,14.01,,,,,,,,,,,,,,,,,,,,,,,,,,,,,,,,,,,,,,,,,,
1013004,110070209434,Cook Inlet Energy Onshore Gathering and Boosting,,Anchorage,AK,99503,188 W Northern Lights Blvd Suite 510,ANCHORAGE MUNICIPALITY,61.21756,-149.89405,211120,W-GB,"20,513.73","18,973.00","1,530.00",10.73,,,,,,,,,,,,,,,,,,,,,,,,,,,,,,,,,,,,,,,,,,
1013981,,Crescent Pass 260 East Texas Basin GB,260 - East Texas Basin,Houston,TX,77070,19500 State Highway 249,,29.9802174401883,-95.5640213102308,211130,W-GB,"69,106.26","64,044.30","5,026.50",35.46,,,,,,,,,,,,,,,,,,,,,,,,,,,,,,,,,,,,,,,,,,
1011226,110020750882,Crimson Resource Management Corp.,745 - San Joaquin Basin,Bakersfield,CA,93311,11200 River Run Blvd.,KERN COUNTY,35.36334,-119.05781,211120,W-GB,"337,042.47","335,324.00","1,535.50",182.97,,,,,,,,,,,,,,,,,,,,,,,,,,,,,,,,,,,,,,,,,,
1012209,110070082198,DCP Midstream 220 Gulf Coast Basin,"220 - Gulf Coast Basin (LA, TX)",Denver,CO,80202,370 17th Street Ste 2500,DENVER COUNTY,39.74369,-104.98777,211130,W-GB,"205,231.96","145,817.10","59,335.00",79.86,,,,,,,,,,,,,,,,,,,,,,,,,,,,,,,,,,,,,,,,,,
1012238,110070082207,DCP Midstream 260 East Texas Basin,260 - East Texas Basin,Denver,CO,80202,370 17th Street Ste 2500,DENVER COUNTY,39.74369,-104.98777,211130,W-GB,"104,424.64","79,612.50","24,774.00",38.14,,,,,,,,,,,,,,,,,,,,,,,,,,,,,,,,,,,,,,,,,,
1012240,110070082209,DCP Midstream 350 South Oklahoma Folded Belt,350 - South Oklahoma Folded Belt,Denver,CO,80202,370 17th Street Ste 2500,DENVER COUNTY,39.74369,-104.98777,211130,W-GB,"297,170.78","259,690.70","37,335.25",144.83,,,,,,,,,,,,,,,,,,,,,,,,,,,,,,,,,,,,,,,,,,
1012208,110070082197,DCP Midstream 355 Chautauqua Platform,355 - Chautauqua Platform,Denver,CO,80202,370 17th Street Ste 2500,DENVER COUNTY,39.74369,-104.98777,211130,W-GB,"62,772.34","45,832.50","16,916.00",23.84,,,,,,,,,,,,,,,,,,,,,,,,,,,,,,,,,,,,,,,,,,
1012207,110070082196,DCP Midstream 360 Anadarko Basin,360 - Anadarko Basin,Denver,CO,80202,370 17th Street Ste 2500,DENVER COUNTY,39.74369,-104.98777,211130,W-GB,"1,309,900.92","1,004,628.70","304,730.75",541.47,,,,,,,,,,,,,,,,,,,,,,,,,,,,,,,,,,,,,,,,,,
1012204,110070082194,DCP Midstream 430 Permian Basin,430 - Permian Basin,Denver,CO,80202,370 17th Street Ste 2500,DENVER COUNTY,39.74369,-104.98777,211130,W-GB,"1,294,850.20","1,074,115.60","220,145.75",588.85,,,,,,,,,,,,,,,,,,,,,,,,,,,,,,,,,,,,,,,,,,
1012214,110070082201,DCP Midstream 540 Denver Basin,540 - Denver Basin,Denver,CO,80202,370 17th Street Ste 2500,DENVER COUNTY,39.74369,-104.98777,211130,W-GB,"638,173.95","544,325.40","93,550.25",298.30,,,,,,,,,,,,,,,,,,,,,,,,,,,,,,,,,,,,,,,,,,
1012211,110070082199,DCP Midstream 595 Piceance Basin,595 - Piceance Basin,Denver,CO,80202,370 17th Street Ste 2500,DENVER COUNTY,39.74369,-104.98777,211130,W-GB,"24,878.15","14,628.60","10,241.50",8.05,,,,,,,,,,,,,,,,,,,,,,,,,,,,,,,,,,,,,,,,,,
1013064,110070716047,DGOC 160 Boosting and Gathering,160 - Appalachian Basin,Deerfield,OH,44411,1823 State Rt. 14,PORTAGE COUNTY,41.03875,-81.06708,211130,W-GB,"631,171.46","485,417.30","145,487.75",266.41,,,,,,,,,,,,,,,,,,,,,,,,,,,,,,,,,,,,,,,,,,
1013033,110070716018,DGOC 160A Boosting and Gathering,160A - Appalachian Basin (Eastern Overthrust Area),Jackson Center,PA,16133,101 McQuiston Dr.,MERCER COUNTY,41.26079,-80.1623,211130,W-GB,"320,224.63","218,855.70","101,246.75",122.18,,,,,,,,,,,,,,,,,,,,,,,,,,,,,,,,,,,,,,,,,,
1012555,110070082361,"DGP Taurus Field Services, L.P. 425 Bend Arch GB",425 - Bend Arch,Midland,TX,79701,211 North Colorado,MIDLAND COUNTY,31.99906,-102.07688,211120,W-GB,"26,275.02","8,811.50","17,458.75",4.77,,,,,,,,,,,,,,,,,,,,,,,,,,,,,,,,,,,,,,,,,,
1013077,110070225638,"DTE Appalachia Gathering, LLC",160A - Appalachian Basin (Eastern Overthrust Area),Morgantown,WV,26508,1100 Frederick Lane,MONONGALIA COUNTY,39.683166,-79.924368,486210,W-GB,"167,520.98","106,663.70","60,795.00",62.28,,,,,,,,,,,,,,,,,,,,,,,,,,,,,,,,,,,,,,,,,,
1013593,,"DTE Louisiana Gathering, LLC 230 - Arkla Basin GB",230 - Arkla Basin,Grand Cane,LA,71032,8334 U.S. 171,,32.084863,-93.81012,486210,W-GB,"572,487.04","561,537.70","10,821.50",127.84,,,,,,,,,,,,,,,,,,,,,,,,,,,,,,,,,,,,,,,,,,
1012445,110070082291,"Davis Gas Processing, Inc. 430 Permian Basin GB",430 - Permian Basin,Midland,TX,79701,211 North Colorado,,31.99906,-102.07688,211120,W-GB,"69,364.68","42,951.10","26,410.00",3.58,,,,,,,,,,,,,,,,,,,,,,,,,,,,,,,,,,,,,,,,,,
1012810,110070082510,"Delaware G&P, LLC G&B 430 - Permian Basin",430 - Permian Basin,Dallas,TX,75201,"2501 Cedar Springs Road, Suite 100",DALLAS COUNTY,32.79866,-96.80541,486210,W-GB,"146,199.62","132,766.50","13,406.00",27.12,,,,,,,,,,,,,,,,,,,,,,,,,,,,,,,,,,,,,,,,,,
1012755,110070082483,Denbury Onshore LLC 210 Mid-Gulf Coast Gathering,210 - Mid-Gulf Coast Basin,Plano,TX,75024,"5851 Legacy Circle, Suite 1200",,33.081237852218,-96.8226685914033,211120,W-GB,"114,284.59","87,641.10","26,597.00",46.49,,,,,,,,,,,,,,,,,,,,,,,,,,,,,,,,,,,,,,,,,,
1012718,110070082461,Denbury Onshore LLC 220 Gulf Coast Gathering,"220 - Gulf Coast Basin (LA, TX)",Plano,TX,75024,"5851 Legacy Circle, Suite 1200",,33.081237852218,-96.8226685914033,211120,W-GB,"158,934.29","109,095.30","49,778.50",60.49,,,,,,,,,,,,,,,,,,,,,,,,,,,,,,,,,,,,,,,,,,
1012727,110070082466,Denbury Onshore LLC 230 Arkla Gathering,230 - Arkla Basin,Plano,TX,75024,"5851 Legacy Circle, Suite 1200",COLLIN COUNTY,33.07567,-96.80594,211120,W-GB,"40,853.23","39,622.50","1,206.00",24.73,,,,,,,,,,,,,,,,,,,,,,,,,,,,,,,,,,,,,,,,,,
1012759,110070082486,Denbury Onshore LLC 395 Williston Gathering,395 - Williston Basin,Plano,TX,75024,"5851 Legacy Circle, Suite 1200",,33.081237852218,-96.8226685914033,211120,W-GB,"136,047.90","102,136.80","33,873.25",37.85,,,,,,,,,,,,,,,,,,,,,,,,,,,,,,,,,,,,,,,,,,
1012763,110058240023,Denbury Onshore LLC 515 Powder River Gathering,515 - Powder River Basin,Plano,TX,75024,"5851 Legacy Circle, Suite 1200",COLLIN COUNTY,33.07567,-96.80594,211120,W-GB,"45,623.74","29,490.30","16,116.75",16.69,,,,,,,,,,,,,,,,,,,,,,,,,,,,,,,,,,,,,,,,,,
1012286,110070082223,Denver Basin - G&B - AAPG Province 540,540 - Denver Basin,Denver,CO,80202,1099 18th St. #1800,DENVER COUNTY,39.74933,-104.99275,211130,W-GB,"586,373.69","556,448.90","29,587.75",337.04,,,,,,,,,,,,,,,,,,,,,,,,,,,,,,,,,,,,,,,,,,
1012464,110070082303,"Divide Creek Gathering System, LLC",595 - Piceance Basin,Silt,CO,81652,2322 Divide Creek Rd,,39.4967167,-107.6452085,213112,W-GB,"25,519.24","24,288.30","1,222.00",8.94,,,,,,,,,,,,,,,,,,,,,,,,,,,,,,,,,,,,,,,,,,
1012142,110070082169,Dominion Energy Ohio - Appalachian Basin (Gath),160 - Appalachian Basin,Cleveland,OH,44103,1201 East 55th St.,CUYAHOGA COUNTY,41.52712,-81.652,486210,W-GB,"81,165.70","25,245.40","55,906.00",14.30,,,,,,,,,,,,,,,,,,,,,,,,,,,,,,,,,,,,,,,,,,
1012486,110070082320,Dominion Energy Wexpro - Green River Basin (Gath),535 - Green River Basin,Salt Lake City,UT,84101,1140 West 200 South,SALT LAKE COUNTY,40.76497,-111.92439,486210,W-GB,"75,600.69","63,228.80","12,333.75",38.14,,,,,,,,,,,,,,,,,,,,,,,,,,,,,,,,,,,,,,,,,,
1012453,110070082296,Dugan Production Corp-San Juan Basin G&B,580 - San Juan Basin,Famington,NM,87499,709 E. Murray Drive,,36.2699403,-108.1903059,211130,W-GB,"71,120.53","61,787.30","9,277.50",55.73,,,,,,,,,,,,,,,,,,,,,,,,,,,,,,,,,,,,,,,,,,
1012438,110070082288,Durango Midstream - Anadarko Basin Gathering & Boosting,360 - Anadarko Basin,The Woodlands,TX,77380,"2002 Timberloch Place, Suite 110",MONTGOMERY COUNTY,30.15855,-95.462193,486210,W-GB,"1,268.54",0.14,"1,268.40",,,,,,,,,,,,,,,,,,,,,,,,,,,,,,,,,,,,,,,,,,,
1012432,110070082283,Durango Midstream - Permian Basin Gathering & Boosting,430 - Permian Basin,The Woodlands,TX,77380,,LEA COUNTY,32.8146,-103.7705,486210,W-GB,"194,285.80","161,862.74","32,355.52",67.54,,,,,,,,,,,,,,,,,,,,,,,,,,,,,,,,,,,,,,,,,,
1012455,110070082298,Durango Midstream - Sedgwick Basin Gathering & Boosting,375 - Sedgwick Basin,The Woodlands,TX,77380,"2002 Timberloch Place, Suite 110",MONTGOMERY COUNTY,30.15855,-95.462193,486210,W-GB,"60,725.32","37,712.26","22,989.68",23.38,,,,,,,,,,,,,,,,,,,,,,,,,,,,,,,,,,,,,,,,,,
1012753,110070082472,"E2 Appalachian Compression, LLC G&B-160-Appalachian Basin",160 - Appalachian Basin,Dallas,TX,75201,1722 Routh St Suite 1300,DALLAS COUNTY,32.79138,-96.7957,486210,W-GB,"170,429.24","163,245.40","6,989.25",194.59,,,,,,,,,,,,,,,,,,,,,,,,,,,,,,,,,,,,,,,,,,
1012736,110070082472,"E2 Ohio Compression, LLC G&B-160A-Appalachian Basin EOA",160A - Appalachian Basin (Eastern Overthrust Area),Dallas,TX,75201,1722 Routh St Suite 1300,DALLAS COUNTY,32.79138,-96.7957,486210,W-GB,"52,186.21","49,464.70","2,685.75",35.76,,,,,,,,,,,,,,,,,,,,,,,,,,,,,,,,,,,,,,,,,,
1012676,110070082437,ECMV Gathering and Compression,430 - Permian Basin,Pecos,TX,79772,49 County Road 419,,31.3511246,-103.6362715,211130,W-GB,"822,909.10","780,302.70","42,152.25",454.15,,,,,,,,,,,,,,,,,,,,,,,,,,,,,,,,,,,,,,,,,,
1012508,110070082334,EGG 345 Arkoma GB,345 - Arkoma Basin,Oklahoma City,OK,73100,"499 W. Sheridan, Suite 1500",OKLAHOMA COUNTY,35.46646,-97.52124,486210,W-GB,"127,422.33","111,414.70","15,944.75",62.88,,,,,,,,,,,,,,,,,,,,,,,,,,,,,,,,,,,,,,,,,,
1012491,110070082322,EGG 350 South Oklahoma Folded Belt GB,350 - South Oklahoma Folded Belt,Oklahoma City,OK,73100,"499 W. Sheridan, Suite 1500",OKLAHOMA COUNTY,35.46646,-97.52124,486210,W-GB,"295,243.13","257,762.70","37,336.50",143.93,,,,,,,,,,,,,,,,,,,,,,,,,,,,,,,,,,,,,,,,,,
1012518,110070082334,EGG 360 Anadarko GB,360 - Anadarko Basin,Oklahoma City,OK,73100,"499 W. Sheridan, Suite 1500",OKLAHOMA COUNTY,35.46901,-97.51645,486210,W-GB,"1,112,896.10","918,105.20","194,276.25",514.65,,,,,,,,,,,,,,,,,,,,,,,,,,,,,,,,,,,,,,,,,,
1012533,110070082349,EMP 230 Arkla GB,230 - Arkla Basin,Oklahoma City,OK,73100,"499 W. Sheridan, Suite 1500",OKLAHOMA COUNTY,35.46646,-97.52124,486210,W-GB,"87,809.29","67,257.30","20,513.25",38.74,,,,,,,,,,,,,,,,,,,,,,,,,,,,,,,,,,,,,,,,,,
1012570,110070082372,EMP 260 East Texas GB,260 - East Texas Basin,Oklahoma City,OK,73100,"499 W. Sheridan, Suite 1500",OKLAHOMA COUNTY,35.46646,-97.52124,486210,W-GB,"36,454.62","19,707.00","16,736.00",11.62,,,,,,,,,,,,,,,,,,,,,,,,,,,,,,,,,,,,,,,,,,
1012591,110070082334,EMP 345 Arkoma GB,345 - Arkoma Basin,Oklahoma City,OK,73100,"499 W. Sheridan, Suite 1500",OKLAHOMA COUNTY,35.46646,-97.52124,486210,W-GB,"383,982.83","151,236.70","232,669.25",76.88,,,,,,,,,,,,,,,,,,,,,,,,,,,,,,,,,,,,,,,,,,
1012592,110070082339,EMP 360 Anadarko GB,360 - Anadarko Basin,Oklahoma City,OK,73100,"499 W. Sheridan, Suite 1500",OKLAHOMA COUNTY,35.46646,-97.52124,486210,W-GB,"27,722.49","15,348.10","12,365.75",8.64,,,,,,,,,,,,,,,,,,,,,,,,,,,,,,,,,,,,,,,,,,
1013127,110070209439,EOG Resources 575 Uinta Basin Gathering & Boosting,575 - Uinta Basin,Houston,TX,77002,1111 Bagby Street,HARRIS COUNTY,29.75894,-95.37096,211120,W-GB,"6,344.08","5,281.60","1,059.50",2.98,,,,,,,,,,,,,,,,,,,,,,,,,,,,,,,,,,,,,,,,,,
1013709,110070209439,EOG Resources Inc. 515 Powder River Basin Gathering and Boosting,515 - Powder River Basin,Houston,TX,77002,1111 Bagby Street,HARRIS COUNTY,29.75894,-95.37096,211120,W-GB,"55,748.64","52,288.80","3,436.00",23.84,,,,,,,,,,,,,,,,,,,,,,,,,,,,,,,,,,,,,,,,,,
1012711,110070082457,"EOG Resources, Inc. 160A Appalachian Basin (Eastern Overthurst) Gathering & Boosting",160A - Appalachian Basin (Eastern Overthrust Area),Houston,TX,77002,"1111 Bagby Street, Sky Lobby 2",HARRIS COUNTY,29.75894,-95.37096,211120,W-GB,"19,325.26","11,090.50","8,228.50",6.26,,,,,,,,,,,,,,,,,,,,,,,,,,,,,,,,,,,,,,,,,,
1012710,110070082456,"EOG Resources, Inc. 220 Gulf Coast Basin Gathering & Boosting","220 - Gulf Coast Basin (LA, TX)",Houston,TX,77002,"1111 Bagby Street, Sky Lobby 2",HARRIS COUNTY,29.75894,-95.37096,211120,W-GB,"742,903.61","699,584.20","42,970.75",348.66,,,,,,,,,,,,,,,,,,,,,,,,,,,,,,,,,,,,,,,,,,
1008984,110034207481,"EOG Resources, Inc. 355 Chautauqua Platform Gathering & Boosting",355 - Chautauqua Platform,Houston,TX,77002,1111 Bagby St. Sky Lobby 2,HARRIS COUNTY,29.75894,-95.37096,211120,W-GB,"65,783.07","63,054.90","2,694.50",33.67,,,,,,,,,,,,,,,,,,,,,,,,,,,,,,,,,,,,,,,,,,
1012784,110070082465,"EOG Resources, Inc. 360 Anadarko Basin Gathering & Boosting",360 - Anadarko Basin,Houston,TX,77002,"1111 Bagby Street, Sky Lobby 2",HARRIS COUNTY,29.75894,-95.37096,211120,W-GB,"27,590.16","26,496.40","1,079.75",14.01,,,,,,,,,,,,,,,,,,,,,,,,,,,,,,,,,,,,,,,,,,
1012796,110070082505,"EOG Resources, Inc. 420 Fort Worth Syncline Basin Gathering & Boosting",420 - Fort Worth Syncline,Houston,TX,77002,"1111 Bagby Street, Sky Lobby 2",HARRIS COUNTY,29.75894,-95.37096,211120,W-GB,"153,191.19","145,573.80","7,563.75",53.64,,,,,,,,,,,,,,,,,,,,,,,,,,,,,,,,,,,,,,,,,,
1012726,110070082465,"EOG Resources, Inc. 430 Permian Basin Gathering & Boosting",430 - Permian Basin,Houston,TX,77002,"1111 Bagby Street, Sky Lobby 2",HARRIS COUNTY,29.75894,-95.37096,211120,W-GB,"1,347,774.46","1,289,035.70","58,069.75",669.01,,,,,,,,,,,,,,,,,,,,,,,,,,,,,,,,,,,,,,,,,,
1013710,110070209439,"EOG Resources, Inc. 540 Denver Basin Gathering and Boosting",540 - Denver Basin,Houston,TX,77002,1111 Bagby Street,HARRIS COUNTY,29.75894,-95.37096,211120,W-GB,"95,821.84","92,268.70","3,507.25",45.89,,,,,,,,,,,,,,,,,,,,,,,,,,,,,,,,,,,,,,,,,,
1012783,110070082499,"EOG Resources, Inc.395 Williston Basin Gathering & Boosting",395 - Williston Basin,Houston,TX,77002,"1111 Bagby Street, Sky Lobby 2",HARRIS COUNTY,29.75894,-95.37096,211120,W-GB,"98,072.32","93,812.40","4,218.50",41.42,,,,,,,,,,,,,,,,,,,,,,,,,,,,,,,,,,,,,,,,,,
1012628,110070082375,EP Energy E&P 220 Gulf Coast Basin GB,"220 - Gulf Coast Basin (LA, TX)",Houston,TX,77002,"601 Travis Street, Suite 1400",HARRIS COUNTY,29.76003,-95.36387,211130,W-GB,"328,968.98","222,390.50","106,456.00",122.48,,,,,,,,,,,,,,,,,,,,,,,,,,,,,,,,,,,,,,,,,,
1012623,110070082409,EP Energy E&P 430 Permian Basin GB,430 - Permian Basin,Houston,TX,77002,"601 Travis Street, Suite 1400",HARRIS COUNTY,29.76003,-95.36387,211130,W-GB,"84,746.85","54,619.00","30,097.75",30.10,,,,,,,,,,,,,,,,,,,,,,,,,,,,,,,,,,,,,,,,,,
1013848,110070082375,EP Energy E&P 575 Uinta Basin GB,575 - Uinta Basin,Houston,TX,77002,"601 Travis Street, Suite 1400",HARRIS COUNTY,29.76003,-95.36387,211130,W-GB,"8,353.08","6,668.30","1,681.50",3.28,,,,,,,,,,,,,,,,,,,,,,,,,,,,,,,,,,,,,,,,,,
1012681,110070082394,"EQM Gathering Opco, LLC - Basin 160A - Appalachian Eastern Overthrust - GB",160A - Appalachian Basin (Eastern Overthrust Area),Canonsburg,PA,15317,2200 Energy Drive,,40.442188,-80.000854,211130,W-GB,"662,028.49","623,768.70","37,901.00",358.79,,,,,,,,,,,,,,,,,,,,,,,,,,,,,,,,,,,,,,,,,,
1012467,110070082306,EQM Olympus Midstream LLC - Basin 160A,160A - Appalachian Basin (Eastern Overthrust Area),Canonsburg,PA,15317,2200 Energy Drive,ALLEGHENY COUNTY,40.336917,-80.136169,211130,W-GB,"232,587.34","209,589.80","22,870.00",127.54,,,,,,,,,,,,,,,,,,,,,,,,,,,,,,,,,,,,,,,,,,
1012471,110070082306,EQM Poseidon Midstream LLC - Basin 160A,160A - Appalachian Basin (Eastern Overthrust Area),Canonsburg,PA,15317,2200 Energy Drive,ALLEGHENY COUNTY,40.336917,-80.136169,211130,W-GB,"244,179.64","213,950.30","30,093.75",135.59,,,,,,,,,,,,,,,,,,,,,,,,,,,,,,,,,,,,,,,,,,
1012602,110070082394,EQT Production - Basin 160A - Appalachian Eastern Overthrust - GB,160A - Appalachian Basin (Eastern Overthrust Area),Pittsburgh,PA,15222,"625 Liberty Avenue, Suite 1700",ALLEGHENY COUNTY,40.442188,-80.000854,211130,W-GB,"48,719.75","39,271.60","9,425.50",22.65,,,,,,,,,,,,,,,,,,,,,,,,,,,,,,,,,,,,,,,,,,
1013058,110070082372,ETGP 260 East Texas GB,260 - East Texas Basin,Oklahoma City,OK,73100,"499 W. Sheridan, Suite 1500",OKLAHOMA COUNTY,35.46646,-97.52124,486210,W-GB,"41,725.00","26,030.60","15,679.50",14.90,,,,,,,,,,,,,,,,,,,,,,,,,,,,,,,,,,,,,,,,,,
1013049,110070209454,"EXCO Appalachia Midstream, LLC",160A - Appalachian Basin (Eastern Overthrust Area),Kittanning,PA,16201,"13488 State Route 422, STE 1",ARMSTRONG COUNTY,40.80077,-79.48504,211130,W-GB,"31,637.60","13,277.10","18,352.75",7.75,,,,,,,,,,,,,,,,,,,,,,,,,,,,,,,,,,,,,,,,,,
1012696,110070082321,East Texas Basin 260,260 - East Texas Basin,Houston,TX,77010,"1501 McKinney Street, Suite 600",HARRIS COUNTY,29.75421,-95.36021,211130,W-GB,"212,894.26","129,420.60","83,401.25",72.41,,,,,,,,,,,,,,,,,,,,,,,,,,,,,,,,,,,,,,,,,,
1012140,110070082168,Eastern Gas Transmission and Storage - Appalachian Basin (Eastern Overthrust Area) (Gath),160A - Appalachian Basin (Eastern Overthrust Area),Bridgeport,WV,26330,925 White Oaks Blvd,HARRISON COUNTY,39.33367,-80.23478,486210,W-GB,"36,875.52","27,523.90","9,332.25",19.37,,,,,,,,,,,,,,,,,,,,,,,,,,,,,,,,,,,,,,,,,,
1013975,,Elevate East Texas - Carthage G&B Basin 240,260 - East Texas Basin,Dallas,TX,75201,"2200 Ross Avenue, Suite 4600E",,32.7892477513231,-96.7969624398907,211130,W-GB,"68,269.37","61,353.30","6,873.75",42.32,,,,,,,,,,,,,,,,,,,,,,,,,,,,,,,,,,,,,,,,,,
1012731,110070082468,EnLink Anadarko #360-G&B,360 - Anadarko Basin,Bridgeport,TX,76426,1209 County Road 1304,WISE COUNTY,33.22345,-97.7372,213112,W-GB,"150,966.97","135,250.00","15,616.25",100.72,,,,,,,,,,,,,,,,,,,,,,,,,,,,,,,,,,,,,,,,,,
1012768,110070082490,"EnLink Midstream Services, LLC G&B 420 - Fort Worth Syncline",420 - Fort Worth Syncline,Dallas,TX,75201,"2501 Cedar Springs Road, Suite 100",DALLAS COUNTY,32.79866,-96.80541,486210,W-GB,"285,368.24","251,022.00","34,121.25",224.99,,,,,,,,,,,,,,,,,,,,,,,,,,,,,,,,,,,,,,,,,,
1012804,110070082473,"EnLink North Texas Gathering, LP G&B 415 - Strawn Basin",415 - Strawn Basin,Dallas,TX,75201,"2501 Cedar Springs Road, Suite 100",DALLAS COUNTY,32.79866,-96.80541,486210,W-GB,"141,066.48","125,718.70","15,285.50",62.28,,,,,,,,,,,,,,,,,,,,,,,,,,,,,,,,,,,,,,,,,,
1012811,110070082490,"EnLink North Texas Gathering, LP G&B 420 - Fort Worth Syncline",420 - Fort Worth Syncline,Dallas,TX,75201,"2501 Cedar Springs Road, Suite 100",DALLAS COUNTY,32.79866,-96.80541,486210,W-GB,"91,626.16","72,261.30","19,314.50",50.36,,,,,,,,,,,,,,,,,,,,,,,,,,,,,,,,,,,,,,,,,,
1012812,110070082510,"EnLink North Texas Gathering, LP G&B 430 - Permian Basin",430 - Permian Basin,Dallas,TX,75201,"2501 Cedar Springs Road, Suite 100",DALLAS COUNTY,32.79866,-96.80541,486210,W-GB,"190,204.73","175,077.00","14,983.50",144.23,,,,,,,,,,,,,,,,,,,,,,,,,,,,,,,,,,,,,,,,,,
1012395,110070082268,Energy Transfer 160A - Appalachian Basin,160A - Appalachian Basin (Eastern Overthrust Area),Dallas,TX,75225,8111 Westchester Drive,DALLAS COUNTY,32.861516,-96.806516,486210,W-GB,"478,963.77","396,290.70","82,452.25",220.82,,,,,,,,,,,,,,,,,,,,,,,,,,,,,,,,,,,,,,,,,,
1012392,110070082265,Energy Transfer 220 - Gulf Coast Basin,"220 - Gulf Coast Basin (LA, TX)",Dallas,TX,75225,8111 Westchester Drive,DALLAS COUNTY,32.861516,-96.806516,486210,W-GB,"2,871,650.31","754,298.80","2,116,958.75",392.76,,,,,,,,,,,,,,,,,,,,,,,,,,,,,,,,,,,,,,,,,,
1012393,110070082266,Energy Transfer 230 - Arkla Basin,230 - Arkla Basin,Dallas,TX,75225,8111 Westchester Drive,DALLAS COUNTY,32.861516,-96.806516,486210,W-GB,"543,700.42","212,870.50","330,706.25",123.67,,,,,,,,,,,,,,,,,,,,,,,,,,,,,,,,,,,,,,,,,,
1012383,110070082259,Energy Transfer 260 - East Texas Basin,260 - East Texas Basin,Dallas,TX,75225,8111 Westchester Drive,DALLAS COUNTY,32.861516,-96.806516,486210,W-GB,"64,225.36","24,341.60","39,869.75",14.01,,,,,,,,,,,,,,,,,,,,,,,,,,,,,,,,,,,,,,,,,,
1012387,110070082262,Energy Transfer 355 - Chautaugua Platform,355 - Chautauqua Platform,Dallas,TX,75225,8111 Westchester Drive,DALLAS COUNTY,32.861516,-96.806516,486210,W-GB,"71,735.60","14,349.10","57,378.75",7.75,,,,,,,,,,,,,,,,,,,,,,,,,,,,,,,,,,,,,,,,,,
1012388,110070082263,Energy Transfer 360 - Anadarko Basin,360 - Anadarko Basin,Dallas,TX,75225,8111 Westchester Drive,DALLAS COUNTY,32.861516,-96.806516,486210,W-GB,"1,787,722.49","545,384.50","1,242,030.75",307.24,,,,,,,,,,,,,,,,,,,,,,,,,,,,,,,,,,,,,,,,,,
1012385,110070082260,Energy Transfer 415 - Strawn Basin,415 - Strawn Basin,Dallas,TX,75225,8111 Westchester Drive,DALLAS COUNTY,32.861516,-96.806516,486210,W-GB,"60,863.57","33,327.80","27,517.00",18.77,,,,,,,,,,,,,,,,,,,,,,,,,,,,,,,,,,,,,,,,,,
1012386,110070082261,Energy Transfer 420 - Fort Worth Syncline,420 - Fort Worth Syncline,Dallas,TX,75225,8111 Westchester Drive,DALLAS COUNTY,32.861516,-96.806516,486210,W-GB,"60,119.89","28,548.60","31,555.50",15.79,,,,,,,,,,,,,,,,,,,,,,,,,,,,,,,,,,,,,,,,,,
1012390,110070082264,Energy Transfer 430 - Permian Basin,430 - Permian Basin,Dallas,TX,75225,8111 Westchester Drive,DALLAS COUNTY,32.861516,-96.806516,486210,W-GB,"1,970,511.44","1,101,719.80","868,201.00",590.64,,,,,,,,,,,,,,,,,,,,,,,,,,,,,,,,,,,,,,,,,,
1013124,110070209452,Enervest Operating L.L.C. 415 Strawn Basin G&B,415 - Strawn Basin,Houston,TX,77002,"1001 Fannin Street, Suite 800",HARRIS COUNTY,29.75608,-95.36433,211130,W-GB,"166,287.32","140,361.60","25,839.00",86.72,,,,,,,,,,,,,,,,,,,,,,,,,,,,,,,,,,,,,,,,,,
1012669,110070082434,"Enervest Operating, L.L.C. 160 Appalachian Basin G&B",160 - Appalachian Basin,Houston,TX,77002,"1001 Fannin Street, Suite 800",HARRIS COUNTY,29.75608,-95.36433,211130,W-GB,"9,890.73","4,437.80","5,450.25",2.68,,,,,,,,,,,,,,,,,,,,,,,,,,,,,,,,,,,,,,,,,,
1012705,110070082434,"Enervest Operating, L.L.C. 160A Appalachian Basin (Eastern Overthrust area) G&B",160A - Appalachian Basin (Eastern Overthrust Area),Houston,TX,77002,"1001 Fannin Street, Suite 800",HARRIS COUNTY,29.75608,-95.36433,211130,W-GB,"131,963.36","117,068.50","14,829.00",65.86,,,,,,,,,,,,,,,,,,,,,,,,,,,,,,,,,,,,,,,,,,
1012335,110070082239,Ensign Gulf Coast Basin-Gathering & Boosting,"220 - Gulf Coast Basin (LA, TX)",Pawnee,TX,78145,5911 CR 136,,28.6516366,-98.0008447,211120,W-GB,"135,744.07","116,522.90","19,156.50",64.67,,,,,,,,,,,,,,,,,,,,,,,,,,,,,,,,,,,,,,,,,,
1012478,110070082314,Enterprise Products Operating LLC 220 Gulf Coast Basin,"220 - Gulf Coast Basin (LA, TX)",Houston,TX,77002,1100 Louisiana Street,HARRIS COUNTY,29.7574,-95.36843,486210,W-GB,"512,877.62","375,250.40","137,421.00",206.22,,,,,,,,,,,,,,,,,,,,,,,,,,,,,,,,,,,,,,,,,,
1012520,110070082341,Enterprise Products Operating LLC 230 Arkla Basin,230 - Arkla Basin,Houston,TX,77002,1100 Louisiana Street,HARRIS COUNTY,29.7574,-95.36843,486210,W-GB,"10,874.45","2,762.40","8,111.75",0.30,,,,,,,,,,,,,,,,,,,,,,,,,,,,,,,,,,,,,,,,,,
1012487,110070082321,Enterprise Products Operating LLC 260 East Texas Basin,260 - East Texas Basin,Houston,TX,77002,1100 Louisiana Street,HARRIS COUNTY,29.75421,-95.36021,486210,W-GB,"65,108.89","42,588.40","22,497.25",23.24,,,,,,,,,,,,,,,,,,,,,,,,,,,,,,,,,,,,,,,,,,
1012492,110070082323,Enterprise Products Operating LLC 430 Permian Basin,430 - Permian Basin,Houston,TX,77002,1100 Louisiana Street,HARRIS COUNTY,29.74013,-95.47309,486210,W-GB,"272,354.75","213,376.50","58,858.75",119.50,,,,,,,,,,,,,,,,,,,,,,,,,,,,,,,,,,,,,,,,,,
1012524,110070082344,Enterprise Products Operating LLC 535 Green River Basin,535 - Green River Basin,Houston,TX,77002,1100 Louisiana Street,HARRIS COUNTY,29.7574,-95.36843,486210,W-GB,"444,343.47","379,851.10","64,279.00",213.37,,,,,,,,,,,,,,,,,,,,,,,,,,,,,,,,,,,,,,,,,,
1012468,110070082307,Enterprise Products Operating LLC 580 San Juan Basin,580 - San Juan Basin,Houston,TX,77002,1100 Louisiana Street,HARRIS COUNTY,29.7574,-95.36843,486210,W-GB,"711,071.71","581,359.20","129,386.50",326.01,,,,,,,,,,,,,,,,,,,,,,,,,,,,,,,,,,,,,,,,,,
1013675,110054084959,Enterprise Products Operating LLC 595 Piceance Basin,595 - Piceance Basin,Houston,TX,77002,1100 Louisiana Street,HARRIS COUNTY,29.7574,-95.36843,486210,W-GB,"29,947.20","27,280.30","2,652.00",14.90,,,,,,,,,,,,,,,,,,,,,,,,,,,,,,,,,,,,,,,,,,
1012687,110070082445,EnverVest Operating L.L.C.- 430 Permian basin G&B,430 - Permian Basin,Houston,TX,77002,"1001 Fannin Street, Suite 800",HARRIS COUNTY,29.75608,-95.36433,211130,W-GB,"205,503.55","48,523.40","156,949.75",30.40,,,,,,,,,,,,,,,,,,,,,,,,,,,,,,,,,,,,,,,,,,
1012624,110070082410,Equinor Pipelines LLC - Eagle Ford,"220 - Gulf Coast Basin (LA, TX)",Austin,TX,78730,"6300 Bridge Point Parkway, Suite 100",TRAVIS COUNTY,30.35415,-97.80127,211130,W-GB,"348,831.04","331,236.10","17,421.50",173.44,,,,,,,,,,,,,,,,,,,,,,,,,,,,,,,,,,,,,,,,,,
1013801,110070878884,"Equitrans, LP - Equitrans Gathering",160A - Appalachian Basin (Eastern Overthrust Area),Canonsburg,PA,15317,2200 Energy Drive,ALLEGHENY COUNTY,40.336917,-80.136169,211130,W-GB,"46,287.14","3,737.30","42,547.75",2.09,,,,,,,,,,,,,,,,,,,,,,,,,,,,,,,,,,,,,,,,,,
1011702,110064007541,"Eureka Midstream, LLC",160A - Appalachian Basin (Eastern Overthrust Area),Marietta,OH,45750,27710 State Route 7,WASHINGTON COUNTY,39.5410499,-80.6618014,211130,W-GB,"173,588.06","141,402.80","32,104.50",80.76,,,,,,,,,,,,,,,,,,,,,,,,,,,,,,,,,,,,,,,,,,
1012298,110070082225,"Evergreen Natural Resources, LLC. Las Vegas-Raton",455 - Las Vegas-Raton Basin,Trinidad,CO,81082,27000 Highway 12,,37.1583021,-104.5655273,211130,W-GB,"226,219.09","149,713.30","76,421.75",84.04,,,,,,,,,,,,,,,,,,,,,,,,,,,,,,,,,,,,,,,,,,
1012459,110070082300,ExxonMobil 535 Green River GB (LaBArge Gathering & Boosting),535 - Green River Basin,LaBarge,WY,83123,13 miles NW of LaBarge,,42.251572,-110.2593928,211130,W-GB,"61,863.96","49,636.60","12,191.00",36.36,,,,,,,,,,,,,,,,,,,,,,,,,,,,,,,,,,,,,,,,,,
1012498,110070082328,FL Rich Gas Services,"220 - Gulf Coast Basin (LA, TX)",Dallas,TX,75201,1717 Main Street Suite 5200,DALLAS COUNTY,32.78123,-96.79642,211130,W-GB,"61,678.81","37,652.90","24,004.75",21.16,,,,,,,,,,,,,,,,,,,,,,,,,,,,,,,,,,,,,,,,,,
1012841,110070069865,Foundation Energy Management 540 DJ Basin G & B,540 - Denver Basin,Dallas,TX,75248,"16000 Dallas Parkway, Suite 875",DALLAS COUNTY,32.96615,-96.82104,211130,W-GB,"59,803.52","34,936.10","24,847.75",19.67,,,,,,,,,,,,,,,,,,,,,,,,,,,,,,,,,,,,,,,,,,
1012626,110070082411,GATHERING/BOOSTING SAN JUAN BASIN 580,580 - San Juan Basin,NAVAJO DAM,NM,87419,FOREST RD 218,,36.8599119,-107.6215321,211130,W-GB,"18,542.28","17,848.40",683.75,10.13,,,,,,,,,,,,,,,,,,,,,,,,,,,,,,,,,,,,,,,,,,
1013368,110070525525,Gateway Gathering Station,430 - Permian Basin,Mentone,TX,79754,,LOVING COUNTY,31.931,-103.6267,211130,W-GB,"68,196.56","65,078.90","3,082.50",35.16,,,,,,,,,,,,,,,,,,,,,,,,,,,,,,,,,,,,,,,,,,
1013745,,"Gemini Arklatex, LLC",260 - East Texas Basin,Houston,TX,77010,"1221 McKinney Street, Suite 3175",,29.75643,-95.362408,486210,W-GB,"81,388.78","76,305.10","5,043.75",39.93,,,,,,,,,,,,,,,,,,,,,,,,,,,,,,,,,,,,,,,,,,
1013946,110070931062,Goff Connector 160A Appalachian Basin (Eastern Overthrust Area) GB,160A - Appalachian Basin (Eastern Overthrust Area),Sewickley,PA,15143,"417 Thorn St., Suite 301",ALLEGHENY COUNTY,40.53969,-80.18231,211130,W-GB,"32,753.66","22,695.10","10,045.75",12.81,,,,,,,,,,,,,,,,,,,,,,,,,,,,,,,,,,,,,,,,,,
1013892,110070930998,Grand Slam Central Delivery Point,430 - Permian Basin,pecos,TX,79772,,REEVES COUNTY,31.8596,-104.01947,486210,W-GB,"65,371.26","36,314.20","29,044.25",12.81,,,,,,,,,,,,,,,,,,,,,,,,,,,,,,,,,,,,,,,,,,
1012557,110070082363,"Grayson Mill Operating, LLC - Midstream",395 - Williston Basin,Houston,TX,77079,"1160 Dairy Ashford, Suite 140",,29.7817014421293,-95.6058451602281,486110,W-GB,"59,912.94","58,600.20","1,281.75",30.99,,,,,,,,,,,,,,,,,,,,,,,,,,,,,,,,,,,,,,,,,,
1013738,,Great Salt Plains MIdstream,360 - Anadarko Basin,Oklahoma CIty,OK,73134,"14000 Quail Springs Parkway, Suite 5500",,35.612122,-97.575267,211130,W-GB,"20,993.90","15,925.40","5,068.50",,,,,,,,,,,,,,,,,,,,,,,,,,,,,,,,,,,,,,,,,,,
1012341,110070082242,Green River Basin - G&B - AAPG Province 535,535 - Green River Basin,Denver,CO,80202,1099 18th St. #1800,DENVER COUNTY,39.74933,-104.99275,211130,W-GB,"122,018.24","63,880.20","58,099.00",39.04,,,,,,,,,,,,,,,,,,,,,,,,,,,,,,,,,,,,,,,,,,
1012377,110070082255,Grizzly Piceance Basin G&B (595),595 - Piceance Basin,Houston,TX,77050,"5847 San Felipe, Suite 3000",HARRIS COUNTY,29.74993,-95.48193,211130,W-GB,"62,562.30","46,229.30","16,311.25",21.75,,,,,,,,,,,,,,,,,,,,,,,,,,,,,,,,,,,,,,,,,,
1012198,110070082192,Gulf Coast Basin Gathering & Boosting - AAPG Province 220,"220 - Gulf Coast Basin (LA, TX)",The Woodlands,TX,77380,9950 Woodloch Forest Drive,MONTGOMERY COUNTY,30.16115,-95.45389,211130,W-GB,"368,996.40","311,327.70","57,496.75",171.95,,,,,,,,,,,,,,,,,,,,,,,,,,,,,,,,,,,,,,,,,,
1012256,110070082215,HEP Pennsylvania Gathering LLC Midstream (160A) Operations,160A - Appalachian Basin (Eastern Overthrust Area),Towanda,PA,18848,37 Fox Chase Drive,BRADFORD COUNTY,41.742637,-76.447847,486210,W-GB,"279,371.90","268,701.50","10,655.50",14.90,,,,,,,,,,,,,,,,,,,,,,,,,,,,,,,,,,,,,,,,,,
1009289,110040089702,Haynesville Gathering-230-Arkla Basin,230 - Arkla Basin,Ringgold,LA,71068,1880 Layfield Road,BIENVILLE PARISH,32.243782,-93.283328,211130,W-GB,"92,423.61","90,576.30","1,840.75",6.56,,,,,,,,,,,,,,,,,,,,,,,,,,,,,,,,,,,,,,,,,,
1012790,110070082502,Hess Corporation - 395 - Williston Basin Gath & Boostn,395 - Williston Basin,Tioga,ND,58852,10340 - 68th Street NW,,48.3465618,-102.9789899,211130,W-GB,"247,828.76","221,046.53","26,667.69",114.54,,,,,,,,,,,,,,,,,,,,,,,,,,,,,,,,,,,,,,,,,,
1012184,110070082186,Hiland Partners Holdings LLC 395 Williston Basin,395 - Williston Basin,Houston,TX,77002,"1001 Louisiana St, Suite 1000",HARRIS COUNTY,29.75816,-95.36782,211130,W-GB,"351,415.75","302,359.80","48,884.00",171.95,,,,,,,,,,,,,,,,,,,,,,,,,,,,,,,,,,,,,,,,,,
1012165,110070082182,"Hilcorp Alaska, LLC 820 Kenai G&B",,Kenai,AK,99611,,KENAI PENINSULA BOROUGH,60.74565,-150.857239,211120,W-GB,"65,523.23","56,873.30","8,617.75",32.18,,,,,,,,,,,,,,,,,,,,,,,,,,,,,,,,,,,,,,,,,,
1012164,110064404700,"Hilcorp Alaska, LLC 890 Basin, G&B",,Prudhoe Bay,AK,99734,,NORTH SLOPE BOROUGH,70.458965,-149.441567,211120,W-GB,"221,994.45","220,739.60","1,128.50",126.35,,,,,,,,,,,,,,,,,,,,,,,,,,,,,,,,,,,,,,,,,,
1012722,110070082463,Hilcorp Energy Company - Gulf Coast Basin (220) Gathering & Boosting,"220 - Gulf Coast Basin (LA, TX)",Houston,TX,77002,1111 Travis St.,HARRIS COUNTY,29.756666,-95.366421,211120,W-GB,"158,484.27","36,249.90","122,215.00",19.37,,,,,,,,,,,,,,,,,,,,,,,,,,,,,,,,,,,,,,,,,,
1013991,110070082463,Hilcorp Energy Company - Wind River Basin (530) Gathering & Boosting,530 - Wind River Basin,Houston,TX,77002,1111 Travis St.,HARRIS COUNTY,29.756666,-95.366421,211120,W-GB,"32,949.50","27,249.80","5,684.50",15.20,,,,,,,,,,,,,,,,,,,,,,,,,,,,,,,,,,,,,,,,,,
1012135,110070082165,"Hilcorp North Slope, Basin 890-G&B Facility",,Prudhoe Bay,AK,99734,,NORTH SLOPE BOROUGH,70.257844,-148.43581,211120,W-GB,"3,169,171.14","2,963,975.20","203,518.50","1,677.44",,,,,,,,,,,,,,,,,,,,,,,,,,,,,,,,,,,,,,,,,,
1013144,110070225637,IACX Roswell,430 - Permian Basin,Dallas,TX,75244,"5001 LBJ Freeway, Suite 300",DALLAS COUNTY,32.92691,-96.82273,486210,W-GB,"40,708.49","29,156.10","11,536.00",16.39,,,,,,,,,,,,,,,,,,,,,,,,,,,,,,,,,,,,,,,,,,
1012723,110058239062,IBEX Midstream-230-Arkla Basin,230 - Arkla Basin,Dallas,TX,75251,12377 Merit Dr. Suite 1200,DALLAS COUNTY,32.91593,-96.77249,211130,W-GB,"176,491.84","155,547.50","20,883.25",61.09,,,,,,,,,,,,,,,,,,,,,,,,,,,,,,,,,,,,,,,,,,
1012908,110070200793,Ignacio Compressor Station,580 - San Juan Basin,Ignacio,CO,81137,,LA PLATA COUNTY,37.10506389,-107.77194444,211130,W-GB,"34,539.50","32,665.30","1,851.25",22.95,,,,,,,,,,,,,,,,,,,,,,,,,,,,,,,,,,,,,,,,,,
1013692,,Indigo Minerals LLC 230 Arkla Basin G&B,230 - Arkla Basin,HOUSTON,TX,77002,"600 TRAVIS STREET, SUITE 5500",,29.760653,-95.364137,211130,W-GB,"108,048.10","66,666.90","41,328.75",52.45,,,,,,,,,,,,,,,,,,,,,,,,,,,,,,,,,,,,,,,,,,
1013638,,Iron Horse Gathering - Basin 360,360 - Anadarko Basin,Amber,OK,73004,1483 CR 1290,,35.146018,-97.921775,211130,W-GB,"126,951.57","118,229.60","8,658.50",63.47,,,,,,,,,,,,,,,,,,,,,,,,,,,,,,,,,,,,,,,,,,
1012194,110070082189,Jackalope GGS – Powder River Basin 515,515 - Powder River Basin,Houston,TX,77002,"811 Main Street, Suite 3400",HARRIS COUNTY,29.75808,-95.364,213112,W-GB,"79,872.47","73,784.10","6,047.25",41.12,,,,,,,,,,,,,,,,,,,,,,,,,,,,,,,,,,,,,,,,,,
1012750,110070082480,Jay-Bee Oil & Gas Gathering,160A - Appalachian Basin (Eastern Overthrust Area),Cairo,WV,26337,3570 Shields Hill Rd,RITCHIE COUNTY,39.21594,-81.1591,211130,W-GB,"45,681.10","41,045.10","4,614.25",21.75,,,,,,,,,,,,,,,,,,,,,,,,,,,,,,,,,,,,,,,,,,
1013697,110058239071,KUDU Midstream-260 East Texas Basin,260 - East Texas Basin,Dallas,TX,75251,12377 Merit Dr. Suite 1200,DALLAS COUNTY,32.91593,-96.77249,211130,W-GB,"120,704.45","113,615.10","7,045.25",44.10,,,,,,,,,,,,,,,,,,,,,,,,,,,,,,,,,,,,,,,,,,
1012201,110054613539,Kinder Morgan Altamont LLC 575 Uinta Basin,575 - Uinta Basin,Houston,TX,77002,"1001 Louisiana St, Suite 1000",HARRIS COUNTY,29.75816,-95.36782,211130,W-GB,"291,791.56","127,016.10","164,702.75",72.71,,,,,,,,,,,,,,,,,,,,,,,,,,,,,,,,,,,,,,,,,,
1012576,110070082375,"Kinder Morgan Energy Partners, L.P. 220 Gulf Coast Basin (LA, TX)","220 - Gulf Coast Basin (LA, TX)",Houston,TX,77002,"1001 Louisiana St, Suite 1000",HARRIS COUNTY,29.76003,-95.36387,211130,W-GB,"144,137.96","51,547.60","92,561.75",28.61,,,,,,,,,,,,,,,,,,,,,,,,,,,,,,,,,,,,,,,,,,
1012558,110022871800,Kinder Morgan Production 430 Permian Basin GB,430 - Permian Basin,Midland,TX,79705,"6 Desta Drive, Suite 6000",MIDLAND COUNTY,32.02994,-102.08741,211130,W-GB,"64,313.71","57,366.30","6,918.50",28.91,,,,,,,,,,,,,,,,,,,,,,,,,,,,,,,,,,,,,,,,,,
1012566,110070082368,"Kinder Morgan, Inc. 345 Arkoma Basin",345 - Arkoma Basin,Houston,TX,77002,"1001 Louisiana St, Suite 1000",HARRIS COUNTY,29.75816,-95.36782,211130,W-GB,"173,450.33","94,119.50","79,283.75",47.08,,,,,,,,,,,,,,,,,,,,,,,,,,,,,,,,,,,,,,,,,,
1012562,110070082366,"Kinder Morgan, Inc. 350 South Oklahoma Folded Belt",350 - South Oklahoma Folded Belt,Houston,TX,77002,"1001 Louisiana St, Suite 1000",HARRIS COUNTY,29.75816,-95.36782,211130,W-GB,"55,984.80","27,410.10","28,559.50",15.20,,,,,,,,,,,,,,,,,,,,,,,,,,,,,,,,,,,,,,,,,,
1012597,110070082390,"Kinder Morgan, Inc. 355 Chautauqua Platform",355 - Chautauqua Platform,Houston,TX,77002,"1001 Louisiana St, Suite 1000",HARRIS COUNTY,29.75816,-95.36782,211130,W-GB,"223,308.54","107,768.80","115,479.25",60.49,,,,,,,,,,,,,,,,,,,,,,,,,,,,,,,,,,,,,,,,,,
1012565,110070209477,"Kinder Morgan, Inc. 360 Anadarko Basin",360 - Anadarko Basin,Houston,TX,77002,"1001 Louisiana St, Suite 1000",HARRIS COUNTY,29.75816,-95.36782,211130,W-GB,"12,257.43","4,214.30","8,040.75",2.38,,,,,,,,,,,,,,,,,,,,,,,,,,,,,,,,,,,,,,,,,,
1012579,110070082377,"Kinder Morgan, Inc. 420 Fort Worth Syncline",420 - Fort Worth Syncline,Houston,TX,77002,"1001 Louisiana St, Suite 1000",HARRIS COUNTY,29.75816,-95.36782,211130,W-GB,"26,736.80","13,836.30","12,892.75",7.75,,,,,,,,,,,,,,,,,,,,,,,,,,,,,,,,,,,,,,,,,,
1012200,110070082193,KinderHawk Field Services LLC 230 Arkla Basin,230 - Arkla Basin,Houston,TX,77002,"1001 Louisiana St, Suite 1000",HARRIS COUNTY,29.75816,-95.36782,211130,W-GB,"164,845.42","109,683.70","55,120.00",41.72,,,,,,,,,,,,,,,,,,,,,,,,,,,,,,,,,,,,,,,,,,
1012819,110070082516,"LAMBDA ENERGY RESOURCES LLC, MICHIGAN BASIN G&B",305 - Michigan Basin,HOUSTON,TX,77079,12012 Wickchester Suite 300,HARRIS COUNTY,29.7885,-95.59942,211130,W-GB,"38,706.61","24,413.30","14,280.50",12.81,,,,,,,,,,,,,,,,,,,,,,,,,,,,,,,,,,,,,,,,,,
1012785,110070082500,Laramie Enegy LLC (Gathering And Boosting),595 - Piceance Basin,Denver,CO,80202,"1401 Seventeenth Street, Suite 1401",DENVER COUNTY,39.75099,-104.99733,211130,W-GB,"119,607.30","88,031.10","31,509.75",66.45,,,,,,,,,,,,,,,,,,,,,,,,,,,,,,,,,,,,,,,,,,
1012359,110030905947,Laredo Basin 430 B&G,430 - Permian Basin,Tulsa,OK,74119,"15 W 6th Street, Suite 900",TULSA COUNTY,36.150442,-95.98975,211120,W-GB,"203,178.93","130,948.50","72,161.00",69.43,,,,,,,,,,,,,,,,,,,,,,,,,,,,,,,,,,,,,,,,,,
1012787,110070082501,"Lavaca Midstream, L.L.C.","220 - Gulf Coast Basin (LA, TX)",Moulton,TX,77975,526 S Lavaca,LAVACA COUNTY,29.46277,-97.195958,211130,W-GB,"134,493.66","118,755.90","15,672.50",65.26,,,,,,,,,,,,,,,,,,,,,,,,,,,,,,,,,,,,,,,,,,
1012818,110070082515,Lewis Energy Group - G&B,"220 - Gulf Coast Basin (LA, TX)",San Antonio,TX,78216,10101 Reunion Place Suite 1000,BEXAR COUNTY,29.53206,-98.48489,211130,W-GB,"256,133.16","227,091.30","28,917.00",124.86,,,,,,,,,,,,,,,,,,,,,,,,,,,,,,,,,,,,,,,,,,
1013416,110070069680,Lucid Energy Artesia 430 Permian Basin GB,430 - Permian Basin,Dallas,TX,75201,3100 McKinnon Suite 800,DALLAS COUNTY,32.79729,-96.81072,486210,W-GB,"26,692.41","21,212.60","5,467.00",12.81,,,,,,,,,,,,,,,,,,,,,,,,,,,,,,,,,,,,,,,,,,
1012529,110070069680,Lucid Energy Delaware 430 Permian Basin GB,430 - Permian Basin,Dallas,TX,75201,3100 McKinnon Suite 800,DALLAS COUNTY,32.79729,-96.81072,486210,W-GB,"536,260.76","505,435.80","29,419.00","1,405.96",,,,,,,,,,,,,,,,,,,,,,,,,,,,,,,,,,,,,,,,,,
1012450,110070082293,MAVERICK - BASIN 305 G&B,305 - Michigan Basin,GAYLORD,MI,49735,1165 ELKVIEW DRIVE,OTSEGO COUNTY,45.01368,-84.67351,211130,W-GB,"53,613.31","25,141.10","28,458.50",13.71,,,,,,,,,,,,,,,,,,,,,,,,,,,,,,,,,,,,,,,,,,
1012778,110070082494,MERIT ANADARKO BASIN NGG&B,360 - Anadarko Basin,LIBERAL,KS,67905,1701 N KANSAS AVE,SEWARD COUNTY,37.05705,-100.92224,211130,W-GB,"263,470.75","230,364.30","32,965.50",140.95,,,,,,,,,,,,,,,,,,,,,,,,,,,,,,,,,,,,,,,,,,
1013966,110022872159,MERIT ENERGY CO. - EAST TEXAS BASIN G&B,260 - East Texas Basin,DALLAS,TX,75240,"13727 NOEL RD, STE 1200",DALLAS COUNTY,32.93476,-96.81801,211130,W-GB,"28,115.61","20,914.30","7,188.50",12.81,,,,,,,,,,,,,,,,,,,,,,,,,,,,,,,,,,,,,,,,,,
1012572,110070082374,Marathon Oil EF - Gulf Coast Basin (AAPG Basin Number 220) - GB,"220 - Gulf Coast Basin (LA, TX)",Houston,TX,77056,5555 San Felipe,,29.7494961222381,-95.4715651355821,211120,W-GB,"945,962.58","896,201.60","49,289.25",471.73,,,,,,,,,,,,,,,,,,,,,,,,,,,,,,,,,,,,,,,,,,
1012484,110070082319,"MarkWest Energy East Texas Gas Company, L.L.C. - 260 East Texas Basin - G&B",260 - East Texas Basin,Denver,CO,80202,"1515 Arapahoe Street, Tower 1, Suite 1600",DENVER COUNTY,39.74714,-104.99658,486210,W-GB,"250,666.93","176,434.80","74,132.00",100.13,,,,,,,,,,,,,,,,,,,,,,,,,,,,,,,,,,,,,,,,,,
1012497,110070082327,"MarkWest Energy South Texas Gas Company, L.L.C. - 220 Gulf Coast Basin (LA, TX) - G&B","220 - Gulf Coast Basin (LA, TX)",Denver,CO,80202,"1515 Arapahoe Street, Tower 1, Suite 1600",DENVER COUNTY,39.74714,-104.99658,486210,W-GB,"36,340.78","33,652.60","2,670.00",18.18,,,,,,,,,,,,,,,,,,,,,,,,,,,,,,,,,,,,,,,,,,
1012483,110070082318,"MarkWest Liberty Bluestone, L.L.C. - 160A Appalachian Basin (Eastern Overthrust Area) - G&B",160A - Appalachian Basin (Eastern Overthrust Area),Denver,CO,80202,"1515 Arapahoe Street, Tower 1, Suite 1600",DENVER COUNTY,39.74714,-104.99658,486210,W-GB,"97,158.38","95,415.30","1,688.25",54.83,,,,,,,,,,,,,,,,,,,,,,,,,,,,,,,,,,,,,,,,,,
1012504,110070082318,"MarkWest Liberty Midstream & Resources, L.L.C. - 160A Appalachian Basin (Eastern Overthrust Area) - G&B",160A - Appalachian Basin (Eastern Overthrust Area),Denver,CO,80202,"1515 Arapahoe Street, Tower 1, Suite 1600",DENVER COUNTY,39.74714,-104.99658,486210,W-GB,"588,415.12","570,870.10","17,205.00",340.02,,,,,,,,,,,,,,,,,,,,,,,,,,,,,,,,,,,,,,,,,,
1012503,110070082331,"MarkWest Oklahoma Gas Company, L.L.C. - 345 Arkoma Basin - GB",345 - Arkoma Basin,Denver,CO,80202,"1515 Arapahoe Street, Tower 1, Suite 1600",DENVER COUNTY,39.74714,-104.99658,486210,W-GB,"270,924.83","199,039.50","71,770.00",115.33,,,,,,,,,,,,,,,,,,,,,,,,,,,,,,,,,,,,,,,,,,
1012479,110070082315,"MarkWest Oklahoma Gas Company, L.L.C. - 355 Chautauqua Platform - G&B",355 - Chautauqua Platform,Denver,CO,80202,"1515 Arapahoe Street, Tower 1, Suite 1600",DENVER COUNTY,39.74714,-104.99658,486210,W-GB,"168,977.73","123,617.70","45,290.00",70.03,,,,,,,,,,,,,,,,,,,,,,,,,,,,,,,,,,,,,,,,,,
1012496,110070082326,"MarkWest Oklahoma Gas Company, L.L.C. - 360 Anadarko Basin - G&B",360 - Anadarko Basin,Denver,CO,80202,"1515 Arapahoe Street, Tower 1, Suite 1600",DENVER COUNTY,39.74714,-104.99658,486210,W-GB,"728,837.81","501,422.00","227,134.50",281.31,,,,,,,,,,,,,,,,,,,,,,,,,,,,,,,,,,,,,,,,,,
1013280,110070525545,"Medallion Midstream 2, LLC. - Permian Basin (430) Gathering & Boosting",430 - Permian Basin,Irving,TX,75039,"909 Lake Carolyn Parkway, Suite 1600",DALLAS COUNTY,32.868866,-96.93365,211130,W-GB,"35,815.87","34,506.00","1,290.50",19.37,,,,,,,,,,,,,,,,,,,,,,,,,,,,,,,,,,,,,,,,,,
1012433,110070082284,Merit Energy 345 Arkoma Basin GB,345 - Arkoma Basin,Dallas,TX,75240,13727 Noel Drive,DALLAS COUNTY,32.93476,-96.81801,211130,W-GB,"297,980.43","246,454.20","51,366.50",159.73,,,,,,,,,,,,,,,,,,,,,,,,,,,,,,,,,,,,,,,,,,
1012358,110070082249,"Merit Energy Co., South Texas G&B – 220","220 - Gulf Coast Basin (LA, TX)",Dallas,TX,75240,"13727 Noel Road, Suite 1200",DALLAS COUNTY,32.93476,-96.81801,211130,W-GB,"249,589.46","172,319.10","77,167.25",103.11,,,,,,,,,,,,,,,,,,,,,,,,,,,,,,,,,,,,,,,,,,
1013964,110070931025,Mewbourne Oil Company - Permian Basin 430 Gf,430 - Permian Basin,Hobbs,NM,88240,"4801 Business Park Blvd, Hobbs, NM 88240",LEA COUNTY,32.761073,-103.197581,486210,W-GB,"83,060.19","64,952.80","18,075.50",31.89,,,,,,,,,,,,,,,,,,,,,,,,,,,,,,,,,,,,,,,,,,
1012638,110070082417,Midcoast - Anadarko Basin 360,360 - Anadarko Basin,Houston,TX,77010,"1501 McKinney St., Suite 600",,29.7574,-95.36843,211130,W-GB,"350,244.00","287,213.20","62,844.25",186.55,,,,,,,,,,,,,,,,,,,,,,,,,,,,,,,,,,,,,,,,,,
1013355,,Midpoint Midstream-Anadarko Basin,360 - Anadarko Basin,Wheeler,TX,79096,1311 West Oklahoma Avenue,,35.4453327256219,-100.293970915342,211130,W-GB,"77,210.18","51,225.00","25,967.00",18.18,,,,,,,,,,,,,,,,,,,,,,,,,,,,,,,,,,,,,,,,,,
1013876,,"Monarch Midstream, LLC. Basin 160A – Appalachian Eastern Overthrust – GB",160A - Appalachian Basin (Eastern Overthrust Area),Greenwood Village,CO,80111,5613 DTC Parkway,,39.6137541029621,-104.894444952884,486210,W-GB,"43,820.64","27,471.10","16,333.75",15.79,,,,,,,,,,,,,,,,,,,,,,,,,,,,,,,,,,,,,,,,,,
1012764,110070082488,Mountaineer Gas Company 160 Appalachian Basin GB,160 - Appalachian Basin,Charleston,WV,25304,501 56th St SE,KANAWHA COUNTY,38.31337,-81.57088,486210,W-GB,"1,014.55",0.30,"1,014.25",,,,,,,,,,,,,,,,,,,,,,,,,,,,,,,,,,,,,,,,,,,
1012583,110070082379,MurphyG&B-220,"220 - Gulf Coast Basin (LA, TX)",Houston,TX,77024,"9805 Katy Freeway, Suite G-200",HARRIS COUNTY,29.78388,-95.53543,211120,W-GB,"388,493.38","366,346.90","21,898.25",248.23,,,,,,,,,,,,,,,,,,,,,,,,,,,,,,,,,,,,,,,,,,
1012340,110070082241,Mustang Gas Products 355 Chautauqua Platform,355 - Chautauqua Platform,Oklahoma City,OK,73114,9800 North Oklahoma Avenue,OKLAHOMA COUNTY,35.56982,-97.50922,211130,W-GB,"29,870.37","8,424.40","21,441.50",4.47,,,,,,,,,,,,,,,,,,,,,,,,,,,,,,,,,,,,,,,,,,
1012332,110070082238,Mustang Gas Products 360 Anadarko Basin,360 - Anadarko Basin,Oklahoma City,OK,73114,9800 North Oklahoma Avenue,OKLAHOMA COUNTY,35.56982,-97.50922,211130,W-GB,"306,825.52","94,463.10","212,313.25",49.17,,,,,,,,,,,,,,,,,,,,,,,,,,,,,,,,,,,,,,,,,,
1012336,110070082240,NFG Midstream Clermont Gathering System,160A - Appalachian Basin (Eastern Overthrust Area),Mount Jewett,PA,16740,27 Memory Lane,,41.7004496,-78.6228504,211130,W-GB,"135,221.64","109,666.00","25,494.25",61.39,,,,,,,,,,,,,,,,,,,,,,,,,,,,,,,,,,,,,,,,,,
1013217,110070525500,NFG Midstream Covington Gathering System,160A - Appalachian Basin (Eastern Overthrust Area),Mansfield,PA,16933,15772 Route 6,TIOGA COUNTY,41.78834,-77.13118,211130,W-GB,"261,226.14","183,868.20","77,259.00",98.94,,,,,,,,,,,,,,,,,,,,,,,,,,,,,,,,,,,,,,,,,,
1012322,110070082233,NFG Midstream Trout Run Gathering System,160A - Appalachian Basin (Eastern Overthrust Area),Williamsport,PA,17701,1705 Liberty Drive,LYCOMING COUNTY,41.27429,-77.042,211130,W-GB,"75,882.39","54,881.70","20,970.00",30.69,,,,,,,,,,,,,,,,,,,,,,,,,,,,,,,,,,,,,,,,,,
1013221,,Noble Midstream Services - Permian Basin 430,430 - Permian Basin,Houston,TX,77070,1001 Noble Energy Way,,30.11396916,-104.41454851,486210,W-GB,"186,343.15","163,681.10","22,579.50",82.55,,,,,,,,,,,,,,,,,,,,,,,,,,,,,,,,,,,,,,,,,,
1008139,110022872159,North Shore CENTRAL WESTERN OVERTHRUST,507 - Central Western Overthrust,DALLAS,TX,75240,"13727 NOEL ROAD, SUITE 1200",DALLAS COUNTY,32.93476,-96.81801,211130,W-GB,"15,770.54","15,350.40",411.50,8.64,,,,,,,,,,,,,,,,,,,,,,,,,,,,,,,,,,,,,,,,,,
1012598,110070082391,OGRIS Operating LLC,455 - Las Vegas-Raton Basin,Trinidad,CO,81082,21603 State Highway 12,LAS ANIMAS COUNTY,37.121764,-104.7685,211130,W-GB,"66,818.87","37,861.30","28,930.75",26.82,,,,,,,,,,,,,,,,,,,,,,,,,,,,,,,,,,,,,,,,,,
1012659,110070082425,"ONEOK Field Services Company, L.L.C. 350 South Oklahoma Folded Belt GB",350 - South Oklahoma Folded Belt,Tulsa,OK,74103,100 West Fifth Street,TULSA COUNTY,36.15106,-95.99127,211130,W-GB,"115,562.27","73,383.40","42,137.75",41.12,,,,,,,,,,,,,,,,,,,,,,,,,,,,,,,,,,,,,,,,,,
1012658,110070082424,"ONEOK Field Services Company, L.L.C. 360 Anadarko Basin GB",360 - Anadarko Basin,Tulsa,OK,74103,100 West Fifth Street,TULSA COUNTY,36.15106,-95.99127,211130,W-GB,"740,450.93","445,310.80","294,891.00",249.13,,,,,,,,,,,,,,,,,,,,,,,,,,,,,,,,,,,,,,,,,,
1012619,110070082424,"ONEOK Field Services Company, L.L.C. 375 Sedgwick Basin GB",375 - Sedgwick Basin,Tulsa,OK,74103,100 West Fifth Street,TULSA COUNTY,36.15106,-95.99127,211130,W-GB,"64,877.26","23,805.60","41,058.25",13.41,,,,,,,,,,,,,,,,,,,,,,,,,,,,,,,,,,,,,,,,,,
1012667,110070082432,"ONEOK Rockies Midstream, L.L.C. 395 Williston Basin GB",395 - Williston Basin,Tulsa,OK,74103,100 West Fifth Street,TULSA COUNTY,36.15106,-95.99127,211130,W-GB,"268,961.98","125,252.20","143,639.75",70.03,,,,,,,,,,,,,,,,,,,,,,,,,,,,,,,,,,,,,,,,,,
1012618,110070082405,"ONEOK Rockies Midstream, L.L.C. 515 Powder River Basin GB",515 - Powder River Basin,Tulsa,OK,74103,100 West Fifth Street,TULSA COUNTY,36.15106,-95.99127,211130,W-GB,"35,373.72","22,422.20","12,939.00",12.52,,,,,,,,,,,,,,,,,,,,,,,,,,,,,,,,,,,,,,,,,,
1012551,110070082359,"OXY USA Inc., Permian Basin G&B - 430",430 - Permian Basin,Midland,TX,79706,6001 Deauville Blvd,MIDLAND COUNTY,31.99267,-102.16366,211120,W-GB,"1,073,213.61","641,871.10","430,904.75",437.76,,,,,,,,,,,,,,,,,,,,,,,,,,,,,,,,,,,,,,,,,,
1013045,110070209470,Oasis Midstream Partners (OMP),395 - Williston Basin,Houston,TX,77001,"1001 Fannin Street, Suite 1500",HARRIS COUNTY,29.75608,-95.36433,486210,W-GB,"254,556.18","245,296.30","9,122.50",137.38,,,,,,,,,,,,,,,,,,,,,,,,,,,,,,,,,,,,,,,,,,
1012835,110070069863,Ovintiv USA Inc. - Permian Gathering,430 - Permian Basin,Denver,CO,80202,"370 17th Street, Suite 1700",DENVER COUNTY,39.74369,-104.98777,211120,W-GB,"105,416.32","92,392.10","12,982.50",41.72,,,,,,,,,,,,,,,,,,,,,,,,,,,,,,,,,,,,,,,,,,
1012760,110070082487,Ovintiv USA Inc. 575 Uinta Gathering and Boosting,575 - Uinta Basin,The Woodlands,TX,77380,"4 Waterway Square Place, Ste. 100",MONTGOMERY COUNTY,30.16053,-95.45639,211120,W-GB,"63,500.49","47,016.00","16,461.25",23.24,,,,,,,,,,,,,,,,,,,,,,,,,,,,,,,,,,,,,,,,,,
1012707,110070082454,"PGE, LLC - Basin 160A - Appalachian Eastern Overthrust - GB",160A - Appalachian Basin (Eastern Overthrust Area),Warren,PA,16365,120 Market Street,WARREN COUNTY,41.84485,-79.1453,211130,W-GB,"72,562.05","65,320.10","7,205.00",36.95,,,,,,,,,,,,,,,,,,,,,,,,,,,,,,,,,,,,,,,,,,
1013529,110070675458,PRM Powder River CBM Field,515 - Powder River Basin,Arvada,WY,82831,3487 Upper Powder River Road,SHERIDAN COUNTY,44.563845,-106.100441,211130,W-GB,"633,071.20","363,498.10","269,372.25",200.85,,,,,,,,,,,,,,,,,,,,,,,,,,,,,,,,,,,,,,,,,,
1013061,110070209466,Paradigm Gathering and Boosting Basin 220,"220 - Gulf Coast Basin (LA, TX)",Irving,TX,75062,545 E. John Carpenter Freeway Suite 800,DALLAS COUNTY,32.859301,-96.933976,213112,W-GB,"46,508.30","40,864.40","5,621.25",22.65,,,,,,,,,,,,,,,,,,,,,,,,,,,,,,,,,,,,,,,,,,
1012213,110070082200,Permian Basin Gathering & Boosting-AAPG Province 430,430 - Permian Basin,The Woodlands,TX,77380,9950 Woodloch Forest Drive,MONTGOMERY COUNTY,30.16115,-95.45389,211130,W-GB,"1,144,483.25","1,088,840.80","55,143.00",499.45,,,,,,,,,,,,,,,,,,,,,,,,,,,,,,,,,,,,,,,,,,
1012684,110070209417,Permian Basin Gathering and Boosting,430 - Permian Basin,Houston,TX,77002,"811 Main St., Suite 3400",,32.74631,-97.3416,486210,W-GB,"59,229.70","53,260.40","5,939.50",29.80,,,,,,,,,,,,,,,,,,,,,,,,,,,,,,,,,,,,,,,,,,
1013307,,Permian Basin Gathering and Boosting,430 - Permian Basin,Houston,TX,77042,"2000 W. Sam Houston Parkway South, Suite 2000",,29.7459918725697,-95.5596191490748,211120,W-GB,"238,350.27","184,186.50","54,062.75",101.02,,,,,,,,,,,,,,,,,,,,,,,,,,,,,,,,,,,,,,,,,,
1013334,110070525496,Permian Gathering & Boosting,430 - Permian Basin,Denver,CO,80265,"1050 17th Street, Suite 800",DENVER COUNTY,39.74846,-104.99402,211120,W-GB,"135,005.81","129,696.30","5,236.50",73.01,,,,,,,,,,,,,,,,,,,,,,,,,,,,,,,,,,,,,,,,,,
1012982,110070082290,"Pine Run Midstream, LLC - Basin 160A - Appalachian Eastern Overthrust – GB",160A - Appalachian Basin (Eastern Overthrust Area),Pittsburgh,PA,15275,1000 Commerce Drive Park Place One Suite 400,ALLEGHENY COUNTY,40.4591,-80.19626,211130,W-GB,"86,744.19","81,613.10","5,085.50",45.59,,,,,,,,,,,,,,,,,,,,,,,,,,,,,,,,,,,,,,,,,,
1012321,110070082232,"Pioneer Natural Resources USA, Inc. Permian",430 - Permian Basin,Midland,TX,79702,303 W. Wall St. Ste 101,MIDLAND COUNTY,31.99748,-102.07744,211120,W-GB,"1,199,855.14","758,112.70","441,368.75",373.69,,,,,,,,,,,,,,,,,,,,,,,,,,,,,,,,,,,,,,,,,,
1013722,110070716042,Ponderosa Gathering LLC,345 - Arkoma Basin,Houston,TX,77002,"601 Travis Street, Suite 1900",HARRIS COUNTY,29.76003,-95.36387,486210,W-GB,"124,550.93","118,631.70","5,871.25",47.98,,,,,,,,,,,,,,,,,,,,,,,,,,,,,,,,,,,,,,,,,,
1012329,110070082237,Powder River Basin - G&B - AAPG Province 515,515 - Powder River Basin,Denver,CO,80202,1099 18th St. #1800,DENVER COUNTY,39.74933,-104.99275,211130,W-GB,"275,918.03","252,156.40","23,698.75",62.88,,,,,,,,,,,,,,,,,,,,,,,,,,,,,,,,,,,,,,,,,,
1013772,110033240008,Primexx Operating Corp 430 Permian Basin GB,430 - Permian Basin,Dallas,TX,75206,"4849 Greenville Avenue, Suite 1600",DALLAS COUNTY,32.84652,-96.77015,486210,W-GB,"18,183.00","16,015.40","2,153.00",14.60,,,,,,,,,,,,,,,,,,,,,,,,,,,,,,,,,,,,,,,,,,
1012582,110045408698,REM 305 Michigan Basin - GATHERING & BOOSTING,305 - Michigan Basin,Traverse City,MI,49684,"10691 East Carter Rd, Suite 201",LEELANAU COUNTY,44.78065,-85.63963,211130,W-GB,"298,808.82","190,020.50","108,657.50",130.82,,,,,,,,,,,,,,,,,,,,,,,,,,,,,,,,,,,,,,,,,,
1013979,110070931011,REP Processing - Severance Compressor Station,540 - Denver Basin,Ault,CO,80610,,WELD COUNTY,40.59174,-104.80525,486210,W-GB,"28,310.65","28,023.50",272.25,14.90,,,,,,,,,,,,,,,,,,,,,,,,,,,,,,,,,,,,,,,,,,
1012797,110054925890,"Range Resources - Appalachia, LLC - Basin 160A Gathering & Boosting (Canonsburg, PA)",160A - Appalachian Basin (Eastern Overthrust Area),Canonsburg,PA,15317,3000 Town Center Boulevard,WASHINGTON COUNTY,40.277101,-80.164218,211130,W-GB,"2,462.29","1,842.90",618.50,0.89,,,,,,,,,,,,,,,,,,,,,,,,,,,,,,,,,,,,,,,,,,
1012686,110070082444,Red Cedar Gathering San Juan Basin Gathering & Boosting,580 - San Juan Basin,Durango,CO,81301,"125 Mercado St., Suite 201",LA PLATA COUNTY,37.23782,-107.82274,486210,W-GB,"504,124.45","378,875.10","125,048.50",200.85,,,,,,,,,,,,,,,,,,,,,,,,,,,,,,,,,,,,,,,,,,
1013823,,Renick Compressor Station,160A - Appalachian Basin (Eastern Overthrust Area),West Sunbury,PA,16061,201 Byers Road,,34.0822853498003,-98.1852587706358,211130,W-GB,"35,093.88","33,114.00","1,962.00",17.88,,,,,,,,,,,,,,,,,,,,,,,,,,,,,,,,,,,,,,,,,,
1012192,110070082188,"Repsol Oil & Gas USA, LLC Gathering and Boosting Operations",160A - Appalachian Basin (Eastern Overthrust Area),Warrendale,PA,15086,50 Pennwood Place,BUTLER COUNTY,40.680557,-80.111674,211130,W-GB,"346,668.51","329,168.50","17,315.25",184.76,,,,,,,,,,,,,,,,,,,,,,,,,,,,,,,,,,,,,,,,,,
1012725,110040618052,Riviera Resources 535 Green River Basin Gathering and Boosting,535 - Green River Basin,Houston,TX,77002,"600 Travis St., Suite 1700",,29.76012,-95.3638,211130,W-GB,"20,506.19","14,424.30","6,073.25",8.64,,,,,,,,,,,,,,,,,,,,,,,,,,,,,,,,,,,,,,,,,,
1013717,110070716084,Rock Creek Pipeline System,360 - Anadarko Basin,Borger,TX,79007,9101 Hwy 136,HUTCHINSON COUNTY,35.652379,-101.452082,486210,W-GB,"64,033.44","51,703.00","12,306.00",24.44,,,,,,,,,,,,,,,,,,,,,,,,,,,,,,,,,,,,,,,,,,
1013053,110056382098,Rockcliff Energy Gathering and Boosting 260 East Texas Basin,260 - East Texas Basin,Houston,TX,77010,"1301 McKinney St, Suite 1300",HARRIS COUNTY,29.75512,-95.36188,211130,W-GB,"98,824.46","76,372.10","22,402.00",50.36,,,,,,,,,,,,,,,,,,,,,,,,,,,,,,,,,,,,,,,,,,
1012721,110070082456,Rosetta Resources 220 Gulf Coast Basin Gathering and Boosting,"220 - Gulf Coast Basin (LA, TX)",Houston,TX,77002,"1111 Bagby St., Suite 1600",HARRIS COUNTY,29.75894,-95.37096,486210,W-GB,"265,819.24","221,898.70","43,807.00",113.54,,,,,,,,,,,,,,,,,,,,,,,,,,,,,,,,,,,,,,,,,,
1012535,110070082351,Rowdy Pipeline 515 Powder River Basin GB,515 - Powder River Basin,Gillette,WY,82716,404 Frontage Road,,44.4524167,-105.582806,486210,W-GB,"76,831.83","56,619.90","20,179.75",32.18,,,,,,,,,,,,,,,,,,,,,,,,,,,,,,,,,,,,,,,,,,
1013613,,SCOOP Basin 350,350 - South Oklahoma Folded Belt,Oklahoma City,OK,73116,301 NW 63rd St.,,35.5377179648613,-97.5184161509254,486210,W-GB,"3,626.74","2,321.50","1,303.75",1.49,,,,,,,,,,,,,,,,,,,,,,,,,,,,,,,,,,,,,,,,,,
1012953,110070225655,SEP Anadarko Basin 360 Gathering,360 - Anadarko Basin,Dallas,TX,75244,"4901 LBJ Freeway, Suite 300",DALLAS COUNTY,32.92672,-96.82306,211130,W-GB,"529,846.40","424,329.40","105,271.75",245.25,,,,,,,,,,,,,,,,,,,,,,,,,,,,,,,,,,,,,,,,,,
1013809,110070225655,SEP Williston Basin 395 Gathering,395 - Williston Basin,Dallas,TX,75244,"4901 LBJ Freeway, Suite 300",DALLAS COUNTY,32.92672,-96.82306,211130,W-GB,"96,927.42","61,088.00","35,798.00",41.42,,,,,,,,,,,,,,,,,,,,,,,,,,,,,,,,,,,,,,,,,,
1013085,110070082471,"SN EF Maverick, LLC 220 Gulf Coast Basin GB","220 - Gulf Coast Basin (LA, TX)",Houston,TX,77002,"1000 Main Street, Suite 3000",HARRIS COUNTY,29.75661,-95.36528,486210,W-GB,"858,341.08","314,691.90","543,474.25",174.93,,,,,,,,,,,,,,,,,,,,,,,,,,,,,,,,,,,,,,,,,,
1012735,110070082471,"SN Operating, LLC 220 Gulf Coast Basin (LA,TX) GB","220 - Gulf Coast Basin (LA, TX)",Houston,TX,77002,"1000 Main Street, Suite 3000",HARRIS COUNTY,29.75661,-95.36528,486210,W-GB,"44,230.50","42,783.30","1,424.25",22.95,,,,,,,,,,,,,,,,,,,,,,,,,,,,,,,,,,,,,,,,,,
1012378,110070082256,SPR San Joaquin Basin,745 - San Joaquin Basin,Bakersfield,CA,93309,1200 Discovery Dr.,,35.3515611,-119.0576298,211120,W-GB,"706,527.61","691,580.30","14,583.75",363.56,,,,,,,,,,,,,,,,,,,,,,,,,,,,,,,,,,,,,,,,,,
1012737,110070082473,"SWG Pipeline, LLC G&B 415 - Strawn Basin",415 - Strawn Basin,Dallas,TX,75201,"2501 Cedar Springs Road, Suite 100",DALLAS COUNTY,32.79866,-96.80541,486210,W-GB,"195,356.99","168,381.40","26,781.00",194.59,,,,,,,,,,,,,,,,,,,,,,,,,,,,,,,,,,,,,,,,,,
1012769,110070082490,"SWG Pipeline, LLC G&B 420 - Fort Worth Syncline",420 - Fort Worth Syncline,Dallas,TX,75201,"2501 Cedar Springs Road, Suite 100",DALLAS COUNTY,32.79866,-96.80541,486210,W-GB,"128,950.82","111,528.30","17,366.50",56.02,,,,,,,,,,,,,,,,,,,,,,,,,,,,,,,,,,,,,,,,,,
1012143,110070082170,San Joaquin Basin Gathering & Boosting - Chevron USA Inc.,745 - San Joaquin Basin,San Ramon,CA,94583,6001 Bollinger Canyon Rd,,37.7624642,-121.9814354,211120,W-GB,"2,043,460.18","2,019,198.70","23,148.75","1,112.73",,,,,,,,,,,,,,,,,,,,,,,,,,,,,,,,,,,,,,,,,,
1012300,110070082226,San Juan Basin (580) Gathering and Boosting,580 - San Juan Basin,Houston,TX,77002,1111 Travis St,HARRIS COUNTY,29.756666,-95.366421,211120,W-GB,"107,839.47","74,034.30","33,763.75",41.42,,,,,,,,,,,,,,,,,,,,,,,,,,,,,,,,,,,,,,,,,,
1012310,110002701238,San Juan Basin Gathering and Boosting,580 - San Juan Basin,Farmington,NM,87401,200 Energy Court,CONTRA COSTA COUNTY,37.795963,-122.022317,211120,W-GB,"32,301.14","28,002.30","4,282.75",16.09,,,,,,,,,,,,,,,,,,,,,,,,,,,,,,,,,,,,,,,,,,
1013075,110070225644,SandRidge 545 North Park Basin GB,545 - North Park Basin,Oklahoma City,OK,73102,123 Robert S Kerr Ave,OKLAHOMA COUNTY,35.4698,-97.51477,211120,W-GB,"75,667.92","64,905.80","10,727.25",34.87,,,,,,,,,,,,,,,,,,,,,,,,,,,,,,,,,,,,,,,,,,
1013679,110070715995,"Sendero Carlsbad Midstream, LLC",430 - Permian Basin,Houston,TX,77002,"1000 Louisiana Street, Suite 6900",HARRIS COUNTY,29.75815,-95.36783,211130,W-GB,"77,518.68","61,949.70","15,513.25",55.73,,,,,,,,,,,,,,,,,,,,,,,,,,,,,,,,,,,,,,,,,,
1012744,110070082476,Seneca East G&B Facilities,160A - Appalachian Basin (Eastern Overthrust Area),Brookville,PA,15825,51 Zents Boulevard,JEFFERSON COUNTY,41.16543,-79.10101,211130,W-GB,"20,179.69","15,370.50","4,800.25",8.94,,,,,,,,,,,,,,,,,,,,,,,,,,,,,,,,,,,,,,,,,,
1013011,110070209441,Sequitur Permian Gathering and Boosting,430 - Permian Basin,Houston,TX,77042,"2050 West Sam Houston Parkway S, Suite 1850",HARRIS COUNTY,29.745051,-95.558296,211120,W-GB,"120,005.57","25,984.50","94,009.75",11.32,,,,,,,,,,,,,,,,,,,,,,,,,,,,,,,,,,,,,,,,,,
1004651,110058379598,Signal Hill Petroleum West Unit,760 - Los Angeles Basin,Signal Hill,CA,90755,1215 E. 29th Street,LOS ANGELES COUNTY,33.809841,-118.176168,211120,W-GB,"43,273.25","41,613.20","1,638.00",22.05,,,,,,,,,,,,,,,,,,,,,,,,,,,,,,,,,,,,,,,,,,
1012586,110070082382,Spraberry Gathering and Boosting System,430 - Permian Basin,The Woodlands,TX,77381,9303 New Trails Drive,MONTGOMERY COUNTY,30.17529,-95.48301,211130,W-GB,"915,345.59","873,930.80","40,995.50",419.29,,,,,,,,,,,,,,,,,,,,,,,,,,,,,,,,,,,,,,,,,,
1012603,110070082395,Stanolind Production LLC - Basin 430 - Permian - GB,430 - Permian Basin,Midland,TX,79701,310 West Wall St.,MIDLAND COUNTY,31.99747,-102.07785,211120,W-GB,"24,076.57","10,264.00","13,807.50",5.07,,,,,,,,,,,,,,,,,,,,,,,,,,,,,,,,,,,,,,,,,,
1012964,110070082407,StarTex Gulf Coast Basin #220,"220 - Gulf Coast Basin (LA, TX)",San Antonio,TX,78258,"18615 Tuscany Stone, STE 275",BEXAR COUNTY,29.61182,-98.49029,213112,W-GB,"27,928.09","22,429.80","5,488.75",9.54,,,,,,,,,,,,,,,,,,,,,,,,,,,,,,,,,,,,,,,,,,
1012668,110070082433,Strawn Basin Gathering and Boosting,415 - Strawn Basin,Houston,TX,77002,"811 Main St., Suite 3400",,32.74631,-97.3416,486210,W-GB,"69,944.73","61,478.10","8,433.25",33.38,,,,,,,,,,,,,,,,,,,,,,,,,,,,,,,,,,,,,,,,,,
1013676,,"Strike Force East, LLC - Basin 160A",160A - Appalachian Basin (Eastern Overthrust Area),Canonsburg,PA,15317,2200 Energy Drive,,40.273762,-80.170461,211130,W-GB,"54,720.15","45,391.00","9,298.75",30.40,,,,,,,,,,,,,,,,,,,,,,,,,,,,,,,,,,,,,,,,,,
1013785,110070082306,"Strike Force South, LLC - Basin 160A",160A - Appalachian Basin (Eastern Overthrust Area),Canonsburg,PA,15317,2200 Energy Drive,ALLEGHENY COUNTY,40.336917,-80.136169,211130,W-GB,"24,319.87","18,824.10","5,483.25",12.52,,,,,,,,,,,,,,,,,,,,,,,,,,,,,,,,,,,,,,,,,,
1012615,110070082403,Summit Midstream 160A Appalachian Basin (Eastern Overthrust Area) GB,160A - Appalachian Basin (Eastern Overthrust Area),Denver,CO,80202,"999 18th Street, Suite 2500 South",DENVER COUNTY,39.74874,-104.99196,211130,W-GB,"66,545.19","63,544.70","2,969.50",30.99,,,,,,,,,,,,,,,,,,,,,,,,,,,,,,,,,,,,,,,,,,
1012622,110070082408,Summit Midstream 415 Strawn Basin GB,415 - Strawn Basin,Denver,CO,80202,"999 18th Street, Suite 2500 South",DENVER COUNTY,39.74874,-104.99196,211130,W-GB,"69,377.67","27,466.80","41,907.00",3.87,,,,,,,,,,,,,,,,,,,,,,,,,,,,,,,,,,,,,,,,,,
1013743,110070082403,Summit Midstream 430 Permian Basin GB,430 - Permian Basin,Denver,CO,80202,"999 18th Street, Suite 2500 South",DENVER COUNTY,39.74874,-104.99196,211130,W-GB,"37,341.80","35,435.50","1,876.50",29.80,,,,,,,,,,,,,,,,,,,,,,,,,,,,,,,,,,,,,,,,,,
1012631,110070082413,Summit Midstream 595 Piceance Basin GB,595 - Piceance Basin,Denver,CO,80202,"999 18th Street, Suite 2500 South",DENVER COUNTY,39.74874,-104.99196,211130,W-GB,"169,151.14","156,595.90","12,463.75",91.49,,,,,,,,,,,,,,,,,,,,,,,,,,,,,,,,,,,,,,,,,,
1012538,110070082353,"Superior Appalachian Pipeline, LLC. Basin 160A – Appalachian Eastern Overthrust – GB",160A - Appalachian Basin (Eastern Overthrust Area),Cannonsburg,PA,15317,SAP 1000 Town Center Way - Ste 120,WASHINGTON COUNTY,40.27724,-80.16623,486210,W-GB,"43,838.20","33,766.90","10,049.25",22.05,,,,,,,,,,,,,,,,,,,,,,,,,,,,,,,,,,,,,,,,,,
1012709,,"Superior Pipeline Company, LLC - Basin 355 - Chautauqua Platform - GB",355 - Chautauqua Platform,Tulsa,OK,74170,PO Box 702500,,36.1711499588626,-95.9432417713586,486210,W-GB,"54,589.98","44,331.70","10,233.25",25.03,,,,,,,,,,,,,,,,,,,,,,,,,,,,,,,,,,,,,,,,,,
1012720,110070082462,"Superior Pipeline Texas, LLC - Basin 360 - Anadarko Basin - GB",360 - Anadarko Basin,Tulsa,OK,74170,PO Box 702500,,37.241724937,-99.7809850469999,486210,W-GB,"81,418.31","64,978.20","16,403.75",36.36,,,,,,,,,,,,,,,,,,,,,,,,,,,,,,,,,,,,,,,,,,
1013065,110070225634,"Susquehanna Gathering Company, LLC",160A - Appalachian Basin (Eastern Overthrust Area),New Milford,PA,18834,1429 Oliver Road,SUSQUEHANNA COUNTY,41.8211,-75.684814,486210,W-GB,"288,935.09","255,269.00","33,522.75",143.34,,,,,,,,,,,,,,,,,,,,,,,,,,,,,,,,,,,,,,,,,,
1012773,110070082491,"TEP Rocky Mountain, LLC Gathering and Boosting",595 - Piceance Basin,Parachute,CO,81635,1058 County Road 215,GARFIELD COUNTY,39.46114,-108.06665,213111,W-GB,"4,562.05","2,332.80","2,229.25",,,,,,,,,,,,,,,,,,,,,,,,,,,,,,,,,,,,,,,,,,,
1012806,110070082468,TOM-Stack Anadarko #360-G&B,360 - Anadarko Basin,Bridgeport,TX,76426,1209 County Road 1304,WISE COUNTY,33.22345,-97.7372,213112,W-GB,"356,313.71","322,699.80","33,318.00",295.91,,,,,,,,,,,,,,,,,,,,,,,,,,,,,,,,,,,,,,,,,,
1012814,110070082511,TOMPC Chautauqua #355-G&B,355 - Chautauqua Platform,Bridgeport,TX,76426,1209 County Road 1304,WISE COUNTY,33.22345,-97.7372,213112,W-GB,"9,715.40","7,936.70","1,771.25",7.45,,,,,,,,,,,,,,,,,,,,,,,,,,,,,,,,,,,,,,,,,,
1013373,110070525474,Tall Oak 355 Chautauqua GB,355 - Chautauqua Platform,Edmond,OK,73013,2575 Kelley Pointe Parkway Suite 340,OKLAHOMA COUNTY,35.62919,-97.49805,211130,W-GB,"190,884.50","152,570.80","38,231.75",81.95,,,,,,,,,,,,,,,,,,,,,,,,,,,,,,,,,,,,,,,,,,
1013378,110070525474,Tall Oak 360 Anadarko GB,360 - Anadarko Basin,Edmond,OK,73013,2575 Kelley Pointe Parkway Suite 340,OKLAHOMA COUNTY,35.62919,-97.49805,211130,W-GB,"38,306.89","24,131.00","14,159.50",16.39,,,,,,,,,,,,,,,,,,,,,,,,,,,,,,,,,,,,,,,,,,
1012205,110070082195,Tallgrass Powder River Basin Gathering System,515 - Powder River Basin,Lakewood,CO,80228,370 Van Gordon St,JEFFERSON COUNTY,39.722098,-105.135202,211130,W-GB,"134,682.71","103,154.20","31,471.00",57.51,,,,,,,,,,,,,,,,,,,,,,,,,,,,,,,,,,,,,,,,,,
1013310,110070525461,Tapstone G&B Wheeler System,360 - Anadarko Basin,Oklahoma City,OK,73104,100 E. Main St.,OKLAHOMA COUNTY,35.46759,-97.51021,211130,W-GB,"78,053.14","71,083.90","6,930.50",38.74,,,,,,,,,,,,,,,,,,,,,,,,,,,,,,,,,,,,,,,,,,
1012507,110070082333,"Targa Resources Corp. 220 Gulf Coast Basin (LA, TX) GB","220 - Gulf Coast Basin (LA, TX)",Houston,TX,77002,"811 Louisiana, Suite 2100",HARRIS COUNTY,29.75993,-95.366413,211130,W-GB,"103,393.28","25,525.32","77,855.13",12.83,,,,,,,,,,,,,,,,,,,,,,,,,,,,,,,,,,,,,,,,,,
1012472,110070082310,Targa Resources Corp. 345 Arkoma Basin GB,345 - Arkoma Basin,Houston,TX,77002,"811 Louisiana, Suite 2100",HARRIS COUNTY,29.75993,-95.366413,211130,W-GB,"80,394.88","73,303.70","7,062.86",28.32,,,,,,,,,,,,,,,,,,,,,,,,,,,,,,,,,,,,,,,,,,
1012466,110070082305,Targa Resources Corp. 350 South Oklahoma Folded Belt GB,350 - South Oklahoma Folded Belt,Houston,TX,77002,"811 Louisiana, Suite 2100",HARRIS COUNTY,29.75993,-95.366413,211130,W-GB,"191,496.90","70,675.23","120,790.30",31.37,,,,,,,,,,,,,,,,,,,,,,,,,,,,,,,,,,,,,,,,,,
1012522,110070082342,Targa Resources Corp. 360 Anadarko Basin GB,360 - Anadarko Basin,Houston,TX,77002,811 Louisiana Suite 2100,HARRIS COUNTY,29.75993,-95.366413,211130,W-GB,"380,811.02","254,567.69","126,122.64",120.69,,,,,,,,,,,,,,,,,,,,,,,,,,,,,,,,,,,,,,,,,,
1012523,110070082343,Targa Resources Corp. 375 Sedgwick Basin GB,375 - Sedgwick Basin,Houston,TX,77002,"811 Louisiana, Suite 2100",HARRIS COUNTY,29.75993,-95.366413,211130,W-GB,"53,589.43","34,456.40","19,116.89",16.14,,,,,,,,,,,,,,,,,,,,,,,,,,,,,,,,,,,,,,,,,,
1012526,110070082345,Targa Resources Corp. 395 Williston Basin GB,395 - Williston Basin,Houston,TX,77002,"811 Louisiana, Suite 2100",HARRIS COUNTY,29.75993,-95.366413,211130,W-GB,"128,132.52","110,465.25","17,622.63",44.63,,,,,,,,,,,,,,,,,,,,,,,,,,,,,,,,,,,,,,,,,,
1012495,110070082325,Targa Resources Corp. 420 Fort Worth Syncline GB,420 - Fort Worth Syncline,Houston,TX,77002,"811 Louisiana, Suite 2100",HARRIS COUNTY,29.75993,-95.366413,211130,W-GB,"228,112.51","175,333.66","52,688.90",89.95,,,,,,,,,,,,,,,,,,,,,,,,,,,,,,,,,,,,,,,,,,
1012470,110070082309,Targa Resources Corp. 425 Bend Arch GB,425 - Bend Arch,Houston,TX,77002,"811 Louisiana, Suite 2100",HARRIS COUNTY,29.75993,-95.366413,211130,W-GB,"45,976.06","26,997.30","18,966.01",12.75,,,,,,,,,,,,,,,,,,,,,,,,,,,,,,,,,,,,,,,,,,
1012500,110070082329,Targa Resources Corp. 430 Permian Basin GB,430 - Permian Basin,Houston,TX,77002,"811 Louisiana, Suite 2100",HARRIS COUNTY,29.75993,-95.366413,211130,W-GB,"2,464,731.25","2,158,682.01","304,992.33","1,056.91",,,,,,,,,,,,,,,,,,,,,,,,,,,,,,,,,,,,,,,,,,
1013989,,Teal Natural Resources 220 Gulf Coast Basin GB,"220 - Gulf Coast Basin (LA, TX)",Dallas,TX,75225,8235 Douglas Ave,,32.86416162752,-96.8088455477915,211120,W-GB,"121,257.07","109,330.10","11,869.75",57.22,,,,,,,,,,,,,,,,,,,,,,,,,,,,,,,,,,,,,,,,,,
1012482,110070082318,"The Ohio Gathering Company, L.L.C. - 160A Appalachian Basin (Eastern Overthrust Area) - G&B",160A - Appalachian Basin (Eastern Overthrust Area),Denver,CO,80202,"1515 Arapahoe Street, Tower 1, Suite 1600",DENVER COUNTY,39.74714,-104.99658,486210,W-GB,"285,314.48","267,008.40","18,131.75",174.33,,,,,,,,,,,,,,,,,,,,,,,,,,,,,,,,,,,,,,,,,,
1012177,110070082184,Thunder Creek Gathering and Boosting,515 - Powder River Basin,Gillette,WY,82716,1114 Energy Street,CAMPBELL COUNTY,44.29769,-105.48555,211130,W-GB,"275,908.04","224,455.10","51,340.00",112.94,,,,,,,,,,,,,,,,,,,,,,,,,,,,,,,,,,,,,,,,,,
1008888,110070082010,"TreeTop Midstream Services, LLC 210 Mid-Gulf Coast",210 - Mid-Gulf Coast Basin,Ridgeland,MS,39157,"602 Crescent Place, Suite 100",MADISON COUNTY,32.4524,-90.15393,211120,W-GB,"60,895.20","56,691.60","4,173.50",30.10,,,,,,,,,,,,,,,,,,,,,,,,,,,,,,,,,,,,,,,,,,
1013685,,UGIES boosting & gathering facilities,160A - Appalachian Basin (Eastern Overthrust Area),Wyomissing,PA,19610,835 Knitting Mills Way,,40.338698,-75.95478,211130,W-GB,"246,187.91","142,361.30","103,723.50",103.11,,,,,,,,,,,,,,,,,,,,,,,,,,,,,,,,,,,,,,,,,,
1012680,110070082440,US Realm LLC Atlantic Rim,535 - Green River Basin,Sheridan,WY,82801,1662 South Sheridan Avenue,,42.249006885,-107.279769345999,211130,W-GB,"84,947.35","65,153.70","19,757.00",36.65,,,,,,,,,,,,,,,,,,,,,,,,,,,,,,,,,,,,,,,,,,
1012317,110070082231,"Uinta Basin,AAPG Province 575, Gathering & Boosting",575 - Uinta Basin,Bluebell,UT,84007,,DUCHESNE COUNTY,40.381209,-110.162285,211130,W-GB,"245,263.39","184,758.40","60,391.75",113.24,,,,,,,,,,,,,,,,,,,,,,,,,,,,,,,,,,,,,,,,,,
1013245,110070082519,Urban 200 Black Warrior Basin GB,200 - Black Warrior Basin,Plano,TX,75074,"1000 E. 14th Street, Suite 300",COLLIN COUNTY,33.0184,-96.70028,486210,W-GB,"119,947.52","115,286.10","4,596.75",64.67,,,,,,,,,,,,,,,,,,,,,,,,,,,,,,,,,,,,,,,,,,
1012822,110070082519,"Urban 220 Gulf Coast Basin (LA, TX) GB","220 - Gulf Coast Basin (LA, TX)",Plano,TX,75074,"1000 E. 14th Street, Suite 300",COLLIN COUNTY,33.0184,-96.70028,486210,W-GB,"97,253.66","79,195.30","18,015.75",42.61,,,,,,,,,,,,,,,,,,,,,,,,,,,,,,,,,,,,,,,,,,
1012833,110070069862,"Validus Energy Aquilas AssetCo, LLC","220 - Gulf Coast Basin (LA, TX)",Denver,CO,80202,"1530 16th Street, Suite 500",,39.7437343889561,-104.991374164417,211120,W-GB,"292,388.26","267,453.50","24,809.00",125.76,,,,,,,,,,,,,,,,,,,,,,,,,,,,,,,,,,,,,,,,,,
1012970,110070209476,Vaquero Permian Basin #430-G&B,430 - Permian Basin,The Woodlands,TX,77380,"1790 Hughes Landing Blvd., Ste. 475",MONTGOMERY COUNTY,30.172686,-95.467486,213112,W-GB,"161,145.26","142,086.90","18,978.50",79.86,,,,,,,,,,,,,,,,,,,,,,,,,,,,,,,,,,,,,,,,,,
1012594,110070082387,Verdun Oil Company-Gulf Coast Basin- Onshore G&B,"220 - Gulf Coast Basin (LA, TX)",Houston,TX,77007,"55 Waugh Drive, Suite 400",,29.754495,-95.362678,211120,W-GB,"128,671.51","114,007.40","14,606.00",58.11,,,,,,,,,,,,,,,,,,,,,,,,,,,,,,,,,,,,,,,,,,
1013579,110070716022,WEX Basin 350,350 - South Oklahoma Folded Belt,Oklahoma City,OK,73116,301 NW 63rd Street,OKLAHOMA COUNTY,35.53686,-97.51844,211130,W-GB,"111,373.83","107,295.50","4,023.50",54.83,,,,,,,,,,,,,,,,,,,,,,,,,,,,,,,,,,,,,,,,,,
1013615,110070716022,WEX Basin 355,350 - South Oklahoma Folded Belt,Oklahoma City,OK,73116,301 NW 63rd Street,OKLAHOMA COUNTY,35.53686,-97.51844,211130,W-GB,"12,536.41","11,888.40",641.75,6.26,,,,,,,,,,,,,,,,,,,,,,,,,,,,,,,,,,,,,,,,,,
1013664,110070716076,WM 260 East Texas GB,260 - East Texas Basin,Oklahoma City,OK,73100,"499 W. Sheridan, Suite 1500",OKLAHOMA COUNTY,35.46646,-97.52124,486210,W-GB,"32,672.86","23,323.20","9,336.25",13.41,,,,,,,,,,,,,,,,,,,,,,,,,,,,,,,,,,,,,,,,,,
1012365,110070082253,WPX Energy Permian LLC Boosting and Gathering,430 - Permian Basin,Oklahoma City,OK,73102,333 West Sheridan,,35.4679125262446,-97.5174182007128,486210,W-GB,"365,596.25","329,657.50","35,774.25",164.50,,,,,,,,,,,,,,,,,,,,,,,,,,,,,,,,,,,,,,,,,,
1012457,110070082291,"WTG Gas Processing, L.P. 430 Permian Basin GB",430 - Permian Basin,Midland,TX,79701,211 North Colorado,,31.99906,-102.07688,211120,W-GB,"239,246.91","200,303.30","38,930.50",13.11,,,,,,,,,,,,,,,,,,,,,,,,,,,,,,,,,,,,,,,,,,
1012446,110070082291,"WTG Jameson, L.P. 430 Permian Basin GB",430 - Permian Basin,Midland,TX,79701,211 North Colorado,,31.99906,-102.07688,211120,W-GB,"104,177.52","37,536.20","66,622.25",19.07,,,,,,,,,,,,,,,,,,,,,,,,,,,,,,,,,,,,,,,,,,
1013612,,WTG North Permian Midstream LLC 430 Permian Basin GB,430 - Permian Basin,Midland,TX,79701,211 North Colorado Street,,31.999241,-102.077096,211120,W-GB,"272,876.75","257,384.40","15,477.75",14.60,,,,,,,,,,,,,,,,,,,,,,,,,,,,,,,,,,,,,,,,,,
1012461,110070082291,WTG South Permian Midstream LLC 430 Permian Basin GB,430 - Permian Basin,Midland,TX,79701,211 North Colorado,,31.99906,-102.07688,211120,W-GB,"484,536.81","310,458.40","174,043.25",35.16,,,,,,,,,,,,,,,,,,,,,,,,,,,,,,,,,,,,,,,,,,
1012590,110070082386,"Wapiti Operating, LLC-UintaGatheringAndBoosting",575 - Uinta Basin,Sunnyside,UT,84539,,CARBON COUNTY,39.782601,-110.171846,211130,W-GB,"36,342.46","24,968.70","11,359.75",14.01,,,,,,,,,,,,,,,,,,,,,,,,,,,,,,,,,,,,,,,,,,
1012828,110070082521,"White Oak Energy 220 Gulf Coat Basin (LA, TX) GB","220 - Gulf Coast Basin (LA, TX)",Houston,TX,77060,"16945 Northchase Dr., Suite 1700",HARRIS COUNTY,29.94751,-95.40587,486210,W-GB,"54,198.04","42,261.80","11,913.00",23.24,,,,,,,,,,,,,,,,,,,,,,,,,,,,,,,,,,,,,,,,,,
1013203,110070082204,"Williams - G&B Facility - Denver Basin 540 (Tulsa, OK)",540 - Denver Basin,Tulsa,OK,74172,One Williams Center,WAGONER COUNTY,36.08256,-95.67245,211130,W-GB,"169,538.93","160,900.50","8,553.50",84.93,,,,,,,,,,,,,,,,,,,,,,,,,,,,,,,,,,,,,,,,,,
1012233,110070082205,Williams G&B Facility – Anadarko Basin 360,360 - Anadarko Basin,Tulsa,OK,74172,One Williams Center,WAGONER COUNTY,36.08256,-95.67245,213112,W-GB,"183,881.30","138,657.00","45,149.50",74.80,,,,,,,,,,,,,,,,,,,,,,,,,,,,,,,,,,,,,,,,,,
1012236,110070069530,Williams G&B Facility – Appalachian Basin (Eastern Overthrust Area) 160A,160A - Appalachian Basin (Eastern Overthrust Area),Tulsa,OK,74172,One Williams Center,WAGONER COUNTY,36.08256,-95.67245,213112,W-GB,"2,339,475.42","2,099,729.60","238,548.75","1,197.07",,,,,,,,,,,,,,,,,,,,,,,,,,,,,,,,,,,,,,,,,,
1012218,110070069530,Williams G&B Facility – Appalachian Basin 160,160 - Appalachian Basin,Tulsa,OK,74172,One Williams Center,WAGONER COUNTY,36.08256,-95.67245,213112,W-GB,"19,574.68","17,085.20","2,478.75",10.73,,,,,,,,,,,,,,,,,,,,,,,,,,,,,,,,,,,,,,,,,,
1012195,110070082190,Williams G&B Facility – Arkla Basin 230,230 - Arkla Basin,Tulsa,OK,74172,One Williams Center,WAGONER COUNTY,36.08256,-95.67245,213112,W-GB,"51,911.15","39,167.10","12,722.00",22.05,,,,,,,,,,,,,,,,,,,,,,,,,,,,,,,,,,,,,,,,,,
1012231,110070082203,Williams G&B Facility – Central Western Overthrust 507,507 - Central Western Overthrust,Tulsa,OK,74172,One Willams Center,WAGONER COUNTY,36.08256,-95.67245,213112,W-GB,"149,099.35","119,699.20","29,332.50",67.65,,,,,,,,,,,,,,,,,,,,,,,,,,,,,,,,,,,,,,,,,,
1012244,110070069540,Williams G&B Facility – Green River Basin 535,535 - Green River Basin,Tulsa,OK,74172,One Williams Center,WAGONER COUNTY,36.08256,-95.67245,213112,W-GB,"292,585.22","208,972.30","83,497.00",115.92,,,,,,,,,,,,,,,,,,,,,,,,,,,,,,,,,,,,,,,,,,
1012245,110070082210,Williams G&B Facility – Gulf Coast Basin 220,"220 - Gulf Coast Basin (LA, TX)",Tulsa,OK,74172,One Williams Center,WAGONER COUNTY,36.08256,-95.67245,213112,W-GB,"492,165.84","437,864.30","54,113.50",188.04,,,,,,,,,,,,,,,,,,,,,,,,,,,,,,,,,,,,,,,,,,
1012189,110070082187,Williams G&B Facility – Permian Basin 430,430 - Permian Basin,Tulsa,OK,74172,One Williams Center,WAGONER COUNTY,36.08256,-95.67245,213112,W-GB,"45,389.20","40,724.00","4,642.25",22.95,,,,,,,,,,,,,,,,,,,,,,,,,,,,,,,,,,,,,,,,,,
1012186,110070069510,Williams G&B Facility – Piceance Basin 595,595 - Piceance Basin,Tulsa,OK,74172,One Williams Center,WAGONER COUNTY,36.08256,-95.67245,213112,W-GB,"422,429.44","390,007.40","32,212.25",209.79,,,,,,,,,,,,,,,,,,,,,,,,,,,,,,,,,,,,,,,,,,
1012193,110070069513,Williams G&B Facility – San Juan Basin 580,580 - San Juan Basin,Bloomfield,NM,87413,1755 Arroyo Dr,,36.08256,-95.67245,213112,W-GB,"1,146,389.31","914,105.30","231,771.75",512.26,,,,,,,,,,,,,,,,,,,,,,,,,,,,,,,,,,,,,,,,,,
1012232,110070082204,Williams G&B Facility – Strawn Basin 415,415 - Strawn Basin,Tulsa,OK,74172,One Williams Center,WAGONER COUNTY,36.08256,-95.67245,213112,W-GB,"269,154.23","215,301.40","53,737.50",115.33,,,,,,,,,,,,,,,,,,,,,,,,,,,,,,,,,,,,,,,,,,
1012633,110070082415,Williston Basin Gathering and Boosting,395 - Williston Basin,Fort Worth,TX,76102,"1200 Summit Avenue, Suite 320",TARRANT COUNTY,32.74631,-97.3416,486210,W-GB,"91,265.45","86,810.20","4,410.25",45.00,,,,,,,,,,,,,,,,,,,,,,,,,,,,,,,,,,,,,,,,,,
1013356,110070525494,Williston Gathering & Boosting QEP Energy Company,395 - Williston Basin,Denver,CO,80265,"1050 17th St, Ste 800",DENVER COUNTY,39.74846,-104.99402,211120,W-GB,"37,029.97","36,030.30",980.00,19.67,,,,,,,,,,,,,,,,,,,,,,,,,,,,,,,,,,,,,,,,,,
1008298,,XPR Resources LLC,160A - Appalachian Basin (Eastern Overthrust Area),CANONSBURG,PA,15317,"6000 TOWN CENTER BOULEVARD SOUTHPOINTE II, SUITE 210",,39.74846,-104.99402,211130,W-GB,"12,472.53","6,417.00","6,052.25",3.28,,,,,,,,,,,,,,,,,,,,,,,,,,,,,,,,,,,,,,,,,,
1012560,110070082365,XTO Energy Inc 160A Appalachian E Overthrust – GB,160A - Appalachian Basin (Eastern Overthrust Area),Warrendale,PA,15086,190 Thorn Hill Road,BUTLER COUNTY,40.67419,-80.11696,211130,W-GB,"204,046.59","159,872.80","44,083.50",90.29,,,,,,,,,,,,,,,,,,,,,,,,,,,,,,,,,,,,,,,,,,
1012596,110070082389,XTO Energy Inc 220 Gulf Coast – GB,"220 - Gulf Coast Basin (LA, TX)",Fort Worth,TX,76164,600 East Exchange Road,TARRANT COUNTY,32.78882,-97.34363,211130,W-GB,"141,885.87","108,693.00","33,136.25",56.62,,,,,,,,,,,,,,,,,,,,,,,,,,,,,,,,,,,,,,,,,,
1012530,110038383184,XTO Energy Inc 230 Arkla – GB,230 - Arkla Basin,Tyler,TX,75703,6141 Paluxy Drive,SMITH COUNTY,32.28248,-95.27886,211130,W-GB,"43,801.96","35,921.20","7,860.50",20.26,,,,,,,,,,,,,,,,,,,,,,,,,,,,,,,,,,,,,,,,,,
1012595,110070082388,XTO Energy Inc 260 East Texas – GB,260 - East Texas Basin,Tyler,TX,75703,6141 Paluxy drive,SMITH COUNTY,32.28248,-95.27886,211130,W-GB,"816,463.35","592,620.60","223,515.25",327.50,,,,,,,,,,,,,,,,,,,,,,,,,,,,,,,,,,,,,,,,,,
1012559,110070082364,XTO Energy Inc 345 Arkoma – GB,345 - Arkoma Basin,Oklahoma City,OK,73102,"210 West Park Ave, Suite 2350",OKLAHOMA COUNTY,35.46882,-97.51734,211130,W-GB,"361,773.15","309,440.90","52,161.50",170.75,,,,,,,,,,,,,,,,,,,,,,,,,,,,,,,,,,,,,,,,,,
1012552,110070082360,XTO Energy Inc 350 South Oklahoma Folded Belt – GB,350 - South Oklahoma Folded Belt,Oklahoma City,OK,73102,"210 West Park Ave, Suite 2350",OKLAHOMA COUNTY,35.46882,-97.51734,211130,W-GB,"228,935.52","206,224.00","22,602.75",108.77,,,,,,,,,,,,,,,,,,,,,,,,,,,,,,,,,,,,,,,,,,
1012539,110070082354,XTO Energy Inc 360 Anadarko – GB,360 - Anadarko Basin,Oklahoma City,OK,73102,"210 West Park Ave, Suite 2350",OKLAHOMA COUNTY,35.46882,-97.51734,211130,W-GB,"47,250.76","24,289.90","22,947.75",13.11,,,,,,,,,,,,,,,,,,,,,,,,,,,,,,,,,,,,,,,,,,
1012568,110070082370,XTO Energy Inc 395 Williston – GB,395 - Williston Basin,Englewood,CO,80112,9193 S. Jamaica Street,DOUGLAS COUNTY,39.54805,-104.86582,211130,W-GB,"13,959.08","7,082.70","6,874.00",2.38,,,,,,,,,,,,,,,,,,,,,,,,,,,,,,,,,,,,,,,,,,
1012545,110070082357,XTO Energy Inc 415 Strawn – GB,415 - Strawn Basin,Fort Worth,TX,76164,600 East Exchange Road,TARRANT COUNTY,32.78882,-97.34363,211130,W-GB,"324,994.86","297,352.80","27,480.25",161.81,,,,,,,,,,,,,,,,,,,,,,,,,,,,,,,,,,,,,,,,,,
1012544,110070082356,XTO Energy Inc 420 Fort Worth Syncline – GB,420 - Fort Worth Syncline,Fort Worth,TX,76164,600 East Exchange Road,TARRANT COUNTY,32.78882,-97.34363,211130,W-GB,"69,958.01","66,995.90","2,925.75",36.36,,,,,,,,,,,,,,,,,,,,,,,,,,,,,,,,,,,,,,,,,,
1012541,110015749966,XTO Energy Inc 430 Permian – GB,430 - Permian Basin,Midland,TX,79701,"500 W. Illinois Ave., Suite 100",MIDLAND COUNTY,31.99954,-102.0797,211130,W-GB,"1,108,355.66","894,040.60","213,847.50",467.56,,,,,,,,,,,,,,,,,,,,,,,,,,,,,,,,,,,,,,,,,,
1012581,110070082378,XTO Energy Inc 595 Piceance – GB,595 - Piceance Basin,Aztec,NM,87410,382 Road 3100,SAN JUAN COUNTY,36.7561,-108.05952,211130,W-GB,"24,112.27","21,901.00","2,198.75",12.52,,,,,,,,,,,,,,,,,,,,,,,,,,,,,,,,,,,,,,,,,,
1013573,110070716063,XcL Midstream Operating,160A - Appalachian Basin (Eastern Overthrust Area),Canonsburg,PA,15317,"380 Southpointe Boulevard, Suite 215",WASHINGTON COUNTY,40.293994,-80.174312,211130,W-GB,"82,374.06","59,141.10","23,205.25",27.71,,,,,,,,,,,,,,,,,,,,,,,,,,,,,,,,,,,,,,,,,,