Summary data collected by the Greenhouse Gas Reporting Program for 2020,,,,,,,,,,,,,,,,,,,,,,,,,,,,,,,,,,,,,,,,,,,,,,,,,,,,,,,,,,,
This data was reported to EPA by facilities as of 08/07/2021,,,,,,,,,,,,,,,,,,,,,,,,,,,,,,,,,,,,,,,,,,,,,,,,,,,,,,,,,,,
All emissions data is presented in units of metric tons of carbon dioxide equivalent using GWP's from IPCC's AR4 (see FAQs tab),,,,,,,,,,,,,,Total Direct Emissions from Local Distribution Companies by Gas,,,,,,,,,,,,,,,,,,,,,,,,,,,,,,,,,,,,,,,,,,,,,
Facility Id,FRS Id,Facility Name,State where Emissions Occur,Reported City,Reported State,Reported Zip Code,Reported Address,Reported County,Reported Latitude,Reported Longitude,Primary NAICS Code,Industry Type (subparts),Total reported direct emissions from Local Distribution Companies,CO2 emissions (non-biogenic) ,Methane (CH4) emissions ,Nitrous Oxide (N2O) emissions ,Does the facility employ continuous emissions monitoring? ,,,,,,,,,,,,,,,,,,,,,,,,,,,,,,,,,,,,,,,,,,
1008026,110010724216,Ameren Illinois,IL,Peoria,IL,61602,300 Liberty Street,PEORIA COUNTY,40.69048,-89.59244,221210,"NN-LDC,W-LDC","74,940.00","1,066.90","73,872.50",0.60,N,,,,,,,,,,,,,,,,,,,,,,,,,,,,,,,,,,,,,,,,,,
1004034,110011771948,Ameren Missouri,MO,St. Louis,MO,63103,1901 Chouteau Avenue,ST. LOUIS CITY,38.620785,-90.211635,221210,"NN-LDC,W-LDC","14,759.55",17.80,"14,741.75",,N,,,,,,,,,,,,,,,,,,,,,,,,,,,,,,,,,,,,,,,,,,
1007872,110043799654,Atlanta Gas Light Company,GA,Atlanta,GA,30309,Ten Peachtree Place,FULTON COUNTY,33.780708,-84.387782,221210,"NN-LDC,W-LDC","165,161.15","7,997.40","157,163.75",,N,,,,,,,,,,,,,,,,,,,,,,,,,,,,,,,,,,,,,,,,,,
1004794,110070081906,Atmos Energy Corporation - Colorado,CO,Dallas,TX,75240,5430 LBJ Freeway,DALLAS COUNTY,32.925488,-96.816137,221210,"NN-LDC,W-LDC","17,502.60",21.10,"17,481.50",,N,,,,,,,,,,,,,,,,,,,,,,,,,,,,,,,,,,,,,,,,,,
1001388,110043973153,Atmos Energy Corporation - Kansas,KS,Dallas,TX,75240,5430 LBJ Freeway,DALLAS COUNTY,32.92548,-96.81613,221210,"NN-LDC,W-LDC","24,108.00",29.00,"24,079.00",,N,,,,,,,,,,,,,,,,,,,,,,,,,,,,,,,,,,,,,,,,,,
1001389,110043973153,Atmos Energy Corporation - Kentucky,KY,Dallas,TX,75240,5430 LBJ Freeway,DALLAS COUNTY,32.92548,-96.81613,221210,"NN-LDC,W-LDC","25,478.95",30.70,"25,448.25",,N,,,,,,,,,,,,,,,,,,,,,,,,,,,,,,,,,,,,,,,,,,
1001390,110043973153,Atmos Energy Corporation - Louisiana,LA,Dallas,TX,75240,5430 LBJ Freeway,DALLAS COUNTY,32.92548,-96.81613,221210,"NN-LDC,W-LDC","50,207.15",60.40,"50,146.75",,N,,,,,,,,,,,,,,,,,,,,,,,,,,,,,,,,,,,,,,,,,,
1001391,110043973153,Atmos Energy Corporation - Mississippi,MS,Dallas,TX,75240,5430 LBJ Freeway,DALLAS COUNTY,32.92548,-96.81613,221210,"NN-LDC,W-LDC","47,970.55",57.80,"47,912.75",,N,,,,,,,,,,,,,,,,,,,,,,,,,,,,,,,,,,,,,,,,,,
1006887,110043973153,Atmos Energy Corporation - Tennessee,TN,Dallas,TX,75240,5430 LBJ Freeway,DALLAS COUNTY,32.92548,-96.81613,221210,"NN-LDC,W-LDC","17,576.70",21.20,"17,555.50",,N,,,,,,,,,,,,,,,,,,,,,,,,,,,,,,,,,,,,,,,,,,
1001398,110043973153,Atmos Energy Corporation - Texas,TX,Dallas,TX,75240,5430 LBJ Freeway,DALLAS COUNTY,32.92548,-96.81613,221210,"NN-LDC,W-LDC","759,835.05",914.80,"758,920.25",,N,,,,,,,,,,,,,,,,,,,,,,,,,,,,,,,,,,,,,,,,,,
1001402,110043973153,Atmos Energy Corporation- Virginia,VA,Dallas,TX,75240,5430 LBJ Freeway,DALLAS COUNTY,32.92548,-96.81613,221210,"NN-LDC,W-LDC","2,662.70",3.20,"2,659.50",,N,,,,,,,,,,,,,,,,,,,,,,,,,,,,,,,,,,,,,,,,,,
1003050,110069709113,Avista Corporation-WA,WA,Spokane,WA,99220,1411 E. Mission,SPOKANE COUNTY,47.66,-117.39,221210,"NN-LDC,W-LDC","15,992.05",19.30,"15,972.75",,N,,,,,,,,,,,,,,,,,,,,,,,,,,,,,,,,,,,,,,,,,,
1005477,110000796167,Baltimore Gas & Electric Company,MD,Baltimore,MD,21230,1699 Leadenhall Street,BALTIMORE CITY,39.271307,-76.618519,221210,"NN-LDC,W-LDC","191,818.50",886.20,"190,932.00",0.30,N,,,,,,,,,,,,,,,,,,,,,,,,,,,,,,,,,,,,,,,,,,
1006762,110006767025,Batesville Water & Gas Utility,IN,Batesville,IN,47006,7 N. Eastern Ave.,RIPLEY COUNTY,39.297028,-85.219083,221210,"NN-LDC,W-LDC",374.75,0.50,374.25,,N,,,,,,,,,,,,,,,,,,,,,,,,,,,,,,,,,,,,,,,,,,
1005329,110043806824,Benton Gas System,KY,Benton,KY,42025,201 Main Street,MARSHALL COUNTY,36.85812,-88.35076,221210,"NN-LDC,W-LDC","1,389.70",1.70,"1,388.00",,N,,,,,,,,,,,,,,,,,,,,,,,,,,,,,,,,,,,,,,,,,,
1006528,110043809867,"Black Hills Colorado Gas, Inc. dba Black Hills Energy",CO,Fountain,CO,80817,7060 Alegre Street,EL PASO COUNTY,38.72963,-104.72523,221210,"NN-LDC,W-LDC","29,493.75",35.50,"29,458.25",,N,,,,,,,,,,,,,,,,,,,,,,,,,,,,,,,,,,,,,,,,,,
1006604,110043815057,Black Hills Energy Arkansas LLC.,AR,Fayetteville,AR,72703,655 E. Millsap Road Suite 104,JEFFERSON COUNTY,39.722098,-105.135202,221210,"NN-LDC,W-LDC","164,066.75",197.50,"163,869.25",,N,,,,,,,,,,,,,,,,,,,,,,,,,,,,,,,,,,,,,,,,,,
1006387,110043811863,"Black Hills Nebraska Gas, LLC. dba Black Hills Energy",NE,Lincoln,NE,68512,1600 Windhoek Drive,LANCASTER COUNTY,40.7587,-96.69791,221210,"NN-LDC,W-LDC","58,008.55",69.80,"57,938.75",,N,,,,,,,,,,,,,,,,,,,,,,,,,,,,,,,,,,,,,,,,,,
1002481,110040452676,Boston Gas Company,MA,Waltham,MA,02451,40 Sylvan Road,MIDDLESEX COUNTY,42.396463,-71.271237,221210,"NN-LDC,W-LDC","348,496.10",419.60,"348,076.50",,N,,,,,,,,,,,,,,,,,,,,,,,,,,,,,,,,,,,,,,,,,,
1004115,110043812620,CON EDISON - NATURAL GAS DELIVERY SYSTEM,NY,New York,NY,10003,"4 Irving Place, Rm 1634",NEW YORK COUNTY,40.7341,-73.98868,221210,"NN-LDC,W-LDC","210,759.15","1,032.10","209,726.75",0.30,N,,,,,,,,,,,,,,,,,,,,,,,,,,,,,,,,,,,,,,,,,,
1004450,110037266678,CPS Energy Natural Gas System,TX,San Antonio,TX,78205,145 Navarro,BEXAR COUNTY,29.42243,-98.49045,221210,"NN-LDC,W-LDC","29,179.35",35.10,"29,144.25",,N,,,,,,,,,,,,,,,,,,,,,,,,,,,,,,,,,,,,,,,,,,
1011331,110005826927,Cairo Public Utility,IL,Cairo,IL,62914,1100 Commercial Ave,ALEXANDER COUNTY,37.00249,-89.16794,221210,"NN-LDC,W-LDC",600.20,0.70,599.50,,N,,,,,,,,,,,,,,,,,,,,,,,,,,,,,,,,,,,,,,,,,,
1006497,110043798263,Cascade Natural Gas Coporation - Washington,WA,Kennewick,WA,99336,8113 W Grandridge Blvd,BENTON COUNTY,46.21916,-119.22928,221210,"NN-LDC,W-LDC","23,564.15",453.10,"23,110.75",0.30,N,,,,,,,,,,,,,,,,,,,,,,,,,,,,,,,,,,,,,,,,,,
1007941,110043970209,Cedar Falls Municipal Gas Utility,IA,Cedar Falls,IA,50613,1 Utility Parkway,BLACK HAWK COUNTY,42.52737,-92.44079,221210,"NN-LDC,W-LDC","1,137.15",1.40,"1,135.75",,N,,,,,,,,,,,,,,,,,,,,,,,,,,,,,,,,,,,,,,,,,,
1006297,110022319926,CenterPoint Energy Arkla (Arkansas),AR,Houston,TX,77002,1111 Louisiana,HARRIS COUNTY,29.7574,-95.36843,221210,"NN-LDC,W-LDC","84,578.30",101.80,"84,476.50",,N,,,,,,,,,,,,,,,,,,,,,,,,,,,,,,,,,,,,,,,,,,
1004047,110022319926,CenterPoint Energy Arkla (Louisiana),LA,Houston,TX,77002,1111 Louisiana,HARRIS COUNTY,29.7574,-95.36843,221210,"NN-LDC,W-LDC","15,555.20",18.70,"15,536.50",,N,,,,,,,,,,,,,,,,,,,,,,,,,,,,,,,,,,,,,,,,,,
1004195,110022319926,CenterPoint Energy Arkla (Oklahoma),OK,Houston,TX,77002,1111 Louisiana,HARRIS COUNTY,29.7574,-95.36843,221210,"NN-LDC,W-LDC","19,057.90",22.90,"19,035.00",,N,,,,,,,,,,,,,,,,,,,,,,,,,,,,,,,,,,,,,,,,,,
1004090,110022319926,CenterPoint Energy Arkla (Texas),TX,Houston,TX,77002,1111 Louisiana,HARRIS COUNTY,29.7574,-95.36843,221210,"NN-LDC,W-LDC","1,613.90",1.90,"1,612.00",,N,,,,,,,,,,,,,,,,,,,,,,,,,,,,,,,,,,,,,,,,,,
1004198,110043785302,CenterPoint Energy Entex (Louisiana),LA,Houston,TX,77002,P.O. Box 0305,HARRIS COUNTY,29.752554,-95.370401,221210,"NN-LDC,W-LDC","18,991.65",22.90,"18,968.75",,N,,,,,,,,,,,,,,,,,,,,,,,,,,,,,,,,,,,,,,,,,,
1004049,110043798307,CenterPoint Energy Entex (Mississippi),MS,Houston,TX,77002,P.O. Box 0305,HARRIS COUNTY,29.752554,-95.370401,221210,"NN-LDC,W-LDC","19,457.90",23.40,"19,434.50",,N,,,,,,,,,,,,,,,,,,,,,,,,,,,,,,,,,,,,,,,,,,
1005925,110043785302,CenterPoint Energy Entex (Texas),TX,Houston,TX,77002,P.O. Box 0305,HARRIS COUNTY,29.752554,-95.370401,221210,"NN-LDC,W-LDC","162,433.85",195.60,"162,238.25",,N,,,,,,,,,,,,,,,,,,,,,,,,,,,,,,,,,,,,,,,,,,
1004086,110043808920,CenterPoint Energy Minnesota Gas,MN,Minneapolis,MN,55459,"800 LaSalle Ave, Floor 14, PO Box 59038",HENNEPIN COUNTY,44.97619,-93.27482,221210,"NN-LDC,W-LDC","69,271.65",83.40,"69,188.25",,N,,,,,,,,,,,,,,,,,,,,,,,,,,,,,,,,,,,,,,,,,,
1000011,110000807379,Central Hudson Gas and Electric Corporation,NY,Poughkeepsie,NY,12601,284 South Avenue,DUTCHESS COUNTY,41.690648,-73.931605,221122,"NN-LDC,W-LDC","19,547.35",181.60,"19,365.75",,N,,,,,,,,,,,,,,,,,,,,,,,,,,,,,,,,,,,,,,,,,,
1007572,110043796988,Chattanoga Gas Company,TN,Chattanooga,TN,37421,2207 Olan Mills Drive,HAMILTON COUNTY,35.05026,-85.18439,221210,"NN-LDC,W-LDC","7,707.95",9.20,"7,698.75",,N,,,,,,,,,,,,,,,,,,,,,,,,,,,,,,,,,,,,,,,,,,
1005550,110054420961,Chesapeake Utilities - DE Division,DE,Dover,DE,19901,500 Energy Ln Suite 100,KENT COUNTY,39.15524,-75.52871,221210,"NN-LDC,W-LDC","5,704.15",6.90,"5,697.25",,N,,,,,,,,,,,,,,,,,,,,,,,,,,,,,,,,,,,,,,,,,,
1007448,110058239268,Chesapeake Utilities - MD Division,MD,Salisbury,MD,21804,32145 Beaver Run Dr,WICOMICO COUNTY,38.37775,-75.49634,221210,"NN-LDC,W-LDC","1,695.00",2.00,"1,693.00",,N,,,,,,,,,,,,,,,,,,,,,,,,,,,,,,,,,,,,,,,,,,
1003491,110043801678,City Utilities Natural Gas Distribution System,MO,SPRINGFIELD,MO,65802,301 E. CENTRAL,GREENE COUNTY,37.21738,-93.29062,221210,"NN-LDC,W-LDC","6,343.30",160.80,"6,182.50",,N,,,,,,,,,,,,,,,,,,,,,,,,,,,,,,,,,,,,,,,,,,
1008498,110054620424,City of Chanute - Utility Complex,KS,Chanute,KS,66720,1002 East 14th Street,NEOSHO COUNTY,37.667503,-95.440143,221210,"NN-LDC,W-LDC","3,612.30",4.30,"3,608.00",,N,,,,,,,,,,,,,,,,,,,,,,,,,,,,,,,,,,,,,,,,,,
1004063,110043803989,City of Charlottesville,VA,Charlottesville,VA,22902,605 East Main St,CHARLOTTESVILLE CITY,38.0296,-78.47772,221210,"NN-LDC,W-LDC","1,580.55",1.80,"1,578.75",,N,,,,,,,,,,,,,,,,,,,,,,,,,,,,,,,,,,,,,,,,,,
1005451,110043802542,City of Covington,TN,Covington,TN,38019,200 W. Washington Ave,TIPTON COUNTY,35.56298,-89.64842,921120,"NN-LDC,W-LDC",360.00,0.50,359.50,,N,,,,,,,,,,,,,,,,,,,,,,,,,,,,,,,,,,,,,,,,,,
1010955,110056413091,City of Deming,NM,Deming,NM,88030,309 South Gold Avenue,LUNA COUNTY,32.266538,-107.758404,221210,"NN-LDC,W-LDC",0.00,0.00,,,N,,,,,,,,,,,,,,,,,,,,,,,,,,,,,,,,,,,,,,,,,,
1010159,,City of Lexington,NC,Lexington,NC,27292,28 West Center Street,,35.7352485,-80.2321313,221210,"NN-LDC,W-LDC","2,111.25",2.50,"2,108.75",,N,,,,,,,,,,,,,,,,,,,,,,,,,,,,,,,,,,,,,,,,,,
1008098,110020069986,City of Mesa,AZ,Mesa,AZ,85211,640 N. Mesa Drive,MARICOPA COUNTY,33.42783,-111.82279,221210,"NN-LDC,W-LDC","6,647.00",8.00,"6,639.00",,N,,,,,,,,,,,,,,,,,,,,,,,,,,,,,,,,,,,,,,,,,,
1007011,110043970600,City of Rensselaer Gas Utility,IN,Rensselaer,IN,47978,706 N. Cullen,JASPER COUNTY,40.94284,-87.15426,221210,"NN-LDC,W-LDC",409.75,0.50,409.25,,N,,,,,,,,,,,,,,,,,,,,,,,,,,,,,,,,,,,,,,,,,,
1002273,110043801721,"City of Richmond - DPU, Natural Gas LDC",VA,Richmond,VA,23114,730 East Broad Street,RICHMOND CITY,37.54149,-77.43497,221210,"NN-LDC,W-LDC","26,230.85",31.60,"26,199.25",,N,,,,,,,,,,,,,,,,,,,,,,,,,,,,,,,,,,,,,,,,,,
1000054,110005275442,City of Tallahassee Natural Gas Utility,FL,Tallahassee,FL,32304,2602 Jackson Bluff Road,LEON COUNTY,30.438696,-84.332473,221210,"NN-LDC,W-LDC","4,234.35",5.10,"4,229.25",,N,,,,,,,,,,,,,,,,,,,,,,,,,,,,,,,,,,,,,,,,,,
1004154,110002235466,"City of Union, South Carolina",SC,Union,SC,29379,101 Sharpe Avenue,UNION COUNTY,34.7157,-81.62483,221210,"NN-LDC,W-LDC","1,805.45",2.20,"1,803.25",,N,,,,,,,,,,,,,,,,,,,,,,,,,,,,,,,,,,,,,,,,,,
1005771,110055510674,Clarke-Mobile Counties Gas District,AL,Jackson,AL,36545,2003 College Avenue,CLARKE COUNTY,31.530954,-87.891408,221210,"NN-LDC,W-LDC","2,167.25",2.50,"2,164.75",,N,,,,,,,,,,,,,,,,,,,,,,,,,,,,,,,,,,,,,,,,,,
1007326,110040452676,Colonial Gas Company,MA,Waltham,MA,02451,40 Sylvan Road,MIDDLESEX COUNTY,42.396463,-71.271237,221210,"NN-LDC,W-LDC","36,151.25",43.50,"36,107.75",,N,,,,,,,,,,,,,,,,,,,,,,,,,,,,,,,,,,,,,,,,,,
1007361,110070081971,Columbia Gas of Kentucky,KY,Merrillville,IN,46410,801 East 86th Avenue,FAYETTE COUNTY,38.08005,-84.53753,221210,"NN-LDC,W-LDC","32,927.85",39.60,"32,888.25",,N,,,,,,,,,,,,,,,,,,,,,,,,,,,,,,,,,,,,,,,,,,
1003942,110063985335,Columbia Gas of Ohio,OH,Merrillville,IN,46410,801 East 86th Avenue,FRANKLIN COUNTY,39.95745,-83.00355,221210,"NN-LDC,W-LDC","246,119.80",296.30,"245,823.50",,N,,,,,,,,,,,,,,,,,,,,,,,,,,,,,,,,,,,,,,,,,,
1003839,110063990953,Columbia Gas of Pennsylvania,PA,Merrillville,IN,46410,801 East 86th Avenue,WASHINGTON COUNTY,40.28588,-80.1788,221210,"NN-LDC,W-LDC","128,050.70",154.20,"127,896.50",,N,,,,,,,,,,,,,,,,,,,,,,,,,,,,,,,,,,,,,,,,,,
1007304,110063985344,Columbia Gas of Virginia,VA,Merrillville,IN,46410,801 East 86th Avenue,CHESTERFIELD COUNTY,37.36375,-77.39516,221210,"NN-LDC,W-LDC","31,734.70",38.20,"31,696.50",,N,,,,,,,,,,,,,,,,,,,,,,,,,,,,,,,,,,,,,,,,,,
1007569,110002498191,Connecticut Natural Gas Company,CT,East Hartford,CT,06108,76 Meadow Street,HARTFORD COUNTY,41.76135,-72.65664,221210,"NN-LDC,W-LDC","46,835.55",51.30,"46,784.25",,N,,,,,,,,,,,,,,,,,,,,,,,,,,,,,,,,,,,,,,,,,,
1004527,110016675141,Consumers Energy Company,MI,Jackson,MI,49201,One Energy Plaza,JACKSON COUNTY,42.24668,-84.40311,221210,"NN-LDC,W-LDC","230,479.34","2,594.90","227,883.25",1.19,N,,,,,,,,,,,,,,,,,,,,,,,,,,,,,,,,,,,,,,,,,,
1006503,110057908019,DTE Energy Michcon LDC,MI,Detroit,MI,48226,One Energy Plaza,WAYNE COUNTY,42.33328,-83.05727,221210,"NN-LDC,W-LDC","423,970.45",549.40,"423,420.75",0.30,N,,,,,,,,,,,,,,,,,,,,,,,,,,,,,,,,,,,,,,,,,,
1003285,110043799262,Delmarva Power & Light - Gas Delivery,DE,Wilmington,DE,19801,"630 Martin Luther King Jr., Blvd. ",NEW CASTLE COUNTY,39.74031,-75.558373,221210,"NN-LDC,W-LDC","25,487.95",30.70,"25,457.25",,N,,,,,,,,,,,,,,,,,,,,,,,,,,,,,,,,,,,,,,,,,,
1004703,110004647142,Dominion Energy Ohio - The East Ohio Gas Co (Dist) (Ohio),OH,CLEVELAND,OH,44103,1201 EAST 55TH STREET,CUYAHOGA COUNTY,41.52712,-81.652,221210,"NN-LDC,W-LDC","589,797.60",710.10,"589,087.50",,N,,,,,,,,,,,,,,,,,,,,,,,,,,,,,,,,,,,,,,,,,,
1004977,110043783064,Dominion Energy Questar Gas Company (Dist) (Utah),UT,SALT LAKE CITY,UT,84101,1140 WEST 200 SOUTH,SALT LAKE COUNTY,40.76497,-111.92439,221210,"NN-LDC,W-LDC","94,681.20","1,188.10","93,492.50",0.60,N,,,,,,,,,,,,,,,,,,,,,,,,,,,,,,,,,,,,,,,,,,
1006379,110043783064,Dominion Energy Questar Gas Company (Dist) (Wyoming),WY,SALT LAKE CITY,UT,84101,1140 WEST 200 SOUTH,SALT LAKE COUNTY,40.76497,-111.92439,221210,"NN-LDC,W-LDC","2,999.10",3.60,"2,995.50",,N,,,,,,,,,,,,,,,,,,,,,,,,,,,,,,,,,,,,,,,,,,
1004706,110043815574,Dominion Hope Gas West Virginia,WV,Clarksburg,WV,26301,48 Columbia Blvd.,HARRISON COUNTY,39.28413,-80.299985,221210,"NN-LDC,W-LDC","69,746.75",335.00,"69,411.75",,N,,,,,,,,,,,,,,,,,,,,,,,,,,,,,,,,,,,,,,,,,,
1001738,110043808591,Duke Energy Kentucky Gas Operation,KY,Cincinnati,OH,45201,139 East Fourth St.,HAMILTON COUNTY,39.10036,-84.50994,221210,"NN-LDC,W-LDC","6,381.70",7.70,"6,374.00",,N,,,,,,,,,,,,,,,,,,,,,,,,,,,,,,,,,,,,,,,,,,
1002687,110043808591,Duke Energy Ohio Gas Operation,OH,Cincinnati,OH,45201,139 East Fourth St.,HAMILTON COUNTY,39.10036,-84.50994,221210,"NN-LDC,W-LDC","28,747.10",34.60,"28,712.50",,N,,,,,,,,,,,,,,,,,,,,,,,,,,,,,,,,,,,,,,,,,,
1004054,110043784517,Elizabethtown Gas,NJ,Berkeley Heights,NJ,07922,300 Connell Drive,UNION COUNTY,40.66158,-74.417,221210,"NN-LDC,W-LDC","52,576.75",528.70,"52,047.75",0.30,N,,,,,,,,,,,,,,,,,,,,,,,,,,,,,,,,,,,,,,,,,,
1007828,110043807413,Elk River Public Utility District,TN,Tullahoma,TN,37388,217 South Jackson Street,COFFEE COUNTY,35.35971,-86.2096,221210,"NN-LDC,W-LDC","3,276.00",4.00,"3,272.00",,N,,,,,,,,,,,,,,,,,,,,,,,,,,,,,,,,,,,,,,,,,,
1005109,110043784991,Empire District Gas Company,MO,Joplin,MO,64801,602 Joplin Street,JASPER COUNTY,37.17205,-94.56392,221210,"NN-LDC,W-LDC","5,240.40",6.40,"5,234.00",,N,,,,,,,,,,,,,,,,,,,,,,,,,,,,,,,,,,,,,,,,,,
1001088,110043972822,Energy Services of Pensacola,FL,Pensacola,FL,32514,1625 Atwood Dr,ESCAMBIA COUNTY,30.50518,-87.22618,221210,"NN-LDC,W-LDC","36,476.40",43.90,"36,432.50",,N,,,,,,,,,,,,,,,,,,,,,,,,,,,,,,,,,,,,,,,,,,
1005572,110008974486,"Entergy Louisiana, LLC Gas Business",LA,Baton Rouge,LA,70805,5755 Choctaw Drive,EAST BATON ROUGE PARISH,30.47085,-91.13277,221210,"NN-LDC,W-LDC","10,013.85",12.10,"10,001.75",,N,,,,,,,,,,,,,,,,,,,,,,,,,,,,,,,,,,,,,,,,,,
1005240,110003266322,"Entergy New Orleans, LLC Gas Business",LA,New Orleans,LA,70119,3700 Tulane Ave,ORLEANS PARISH,29.96696,-90.10196,221210,"NN-LDC,W-LDC","19,846.15",23.90,"19,822.25",,N,,,,,,,,,,,,,,,,,,,,,,,,,,,,,,,,,,,,,,,,,,
1003840,110063989377,Eversource Gas Mass,MA,Westwood,MA,02090,247 Station Dr,WORCESTER COUNTY,42.283831,-71.583763,221210,"NN-LDC,W-LDC","101,301.65",182.40,"101,119.25",,N,,,,,,,,,,,,,,,,,,,,,,,,,,,,,,,,,,,,,,,,,,
1005285,110032602949,Fayetteville Public Utilities,TN,Fayetteville,TN,37334,408 College Street West,LINCOLN COUNTY,35.15283,-86.57571,221210,"NN-LDC,W-LDC",163.95,0.20,163.75,,N,,,,,,,,,,,,,,,,,,,,,,,,,,,,,,,,,,,,,,,,,,
1004229,110070081889,Florida City Gas,FL,Rockledge,FL,32955,4180 South US Highway 1,BREVARD COUNTY,27.952165,-80.536618,221210,"NN-LDC,W-LDC","16,862.05",20.30,"16,841.75",,N,,,,,,,,,,,,,,,,,,,,,,,,,,,,,,,,,,,,,,,,,,
1011801,,Fountain Inn Natural Gas System,,Fountain Inn,SC,29644,100 S. Weston St,,34.6937436398831,-82.1985702509251,221210,"NN-LDC,W-LDC","1,818.65",70.90,"1,747.75",,N,,,,,,,,,,,,,,,,,,,,,,,,,,,,,,,,,,,,,,,,,,
1007021,110035846993,Humboldt Utilities,TN,Humboldt,TN,38346,207 South 13th Ave.,GIBSON COUNTY,35.81884,-88.9183,221210,"NN-LDC,W-LDC",412.90,0.40,412.50,,N,,,,,,,,,,,,,,,,,,,,,,,,,,,,,,,,,,,,,,,,,,
1002297,110043789718,Huntsville Utilities,AL,Huntsville,AL,35804,112 Spragins Street,MADISON COUNTY,34.689835,-86.609757,221210,"NN-LDC,W-LDC","8,316.75",11.50,"8,305.25",,N,,,,,,,,,,,,,,,,,,,,,,,,,,,,,,,,,,,,,,,,,,
1001251,110043972699,ILLINOIS GAS COMPANY,IL,OLNEY,IL,62450,1927 MILLER DR,RICHLAND COUNTY,38.70367,-88.08588,221210,"NN-LDC,W-LDC","1,478.30",1.80,"1,476.50",,N,,,,,,,,,,,,,,,,,,,,,,,,,,,,,,,,,,,,,,,,,,
1004210,110043791830,Indiana Gas Company,IN,Evansville,IN,47708,2111 NW Riverside Dr.,VANDERBURGH COUNTY,38.005965,-87.549475,221210,"NN-LDC,W-LDC","73,663.45",88.70,"73,574.75",,N,,,,,,,,,,,,,,,,,,,,,,,,,,,,,,,,,,,,,,,,,,
1002220,110005791063,Intermountain Gas Company,ID,Boise,ID,83709,555 S. Cole Road,ADA COUNTY,43.59931,-116.27418,221210,"NN-LDC,W-LDC","32,433.00",39.00,"32,394.00",,N,,,,,,,,,,,,,,,,,,,,,,,,,,,,,,,,,,,,,,,,,,
1002151,110002439567,Interstate Power & Light Gas Distribution,IA,Cedar Rapids,IA,52401,200 1st Street SE,LINN COUNTY,41.97684,-91.66853,221210,"NN-LDC,W-LDC","20,726.65",24.90,"20,701.75",,N,,,,,,,,,,,,,,,,,,,,,,,,,,,,,,,,,,,,,,,,,,
1003992,110043792642,Jackson Energy Authority,TN,Jackson,TN,38301,119 East College Street,MADISON COUNTY,35.61589,-88.81837,221210,"NN-LDC,W-LDC","3,694.30",4.30,"3,690.00",,N,,,,,,,,,,,,,,,,,,,,,,,,,,,,,,,,,,,,,,,,,,
1001123,110043973867,Jasper Municipal Gas Utility,IN,Jasper,IN,47547,825 E. 2nd Ave,DUBOIS COUNTY,38.39,-86.93,221210,"NN-LDC,W-LDC",691.80,0.80,691.00,,N,,,,,,,,,,,,,,,,,,,,,,,,,,,,,,,,,,,,,,,,,,
1002602,110019656905,KEYSPAN GAS EAST CORPORATION,NY,Hicksville,NY,11801,175 East Old Country Road,NASSAU COUNTY,40.766791,-73.510559,221210,"NN-LDC,W-LDC","257,568.71","10,620.00","246,942.75",5.96,N,,,,,,,,,,,,,,,,,,,,,,,,,,,,,,,,,,,,,,,,,,
1004107,110043794276,Kansas Gas Service,KS,Overland Park,KS,66213,7421 W. 129th St,JOHNSON COUNTY,38.89568,-94.67305,221210,"NN-LDC,W-LDC","96,672.40",116.40,"96,556.00",,N,,,,,,,,,,,,,,,,,,,,,,,,,,,,,,,,,,,,,,,,,,
1002701,110043814708,"LG&E and KU Energy, LLC",KY,Louisville,KY,40202,220 West Main,JEFFERSON COUNTY,38.25634,-85.75418,486210,"NN-LDC,W-LDC","22,203.95",26.70,"22,177.25",,N,,,,,,,,,,,,,,,,,,,,,,,,,,,,,,,,,,,,,,,,,,
1005481,110024302958,LIBERTY UTILITIES - MASSACHUSETTS,MA,FALL RIVER,MA,02722,P.O. Box 911,BRISTOL COUNTY,41.70285,-71.16312,221210,"NN-LDC,W-LDC","21,929.42",47.50,"21,870.00",11.92,N,,,,,,,,,,,,,,,,,,,,,,,,,,,,,,,,,,,,,,,,,,
1007319,110030493277,"Memphis Light, Gas, and Water",TN,memphis,TN,38103,220 South Main Street,SHELBY COUNTY,35.139623,-90.055237,221122,"NN-LDC,W-LDC","23,930.85",131.10,"23,799.75",,N,,,,,,,,,,,,,,,,,,,,,,,,,,,,,,,,,,,,,,,,,,
1003155,110020810826,Metropolitan Utilities District of Omaha,NE,Omaha,NE,68102,1723 Harney Street,DOUGLAS COUNTY,41.25656,-95.93914,221210,"NN-LDC,W-LDC","52,582.05",63.30,"52,518.75",,N,,,,,,,,,,,,,,,,,,,,,,,,,,,,,,,,,,,,,,,,,,
1006374,110043787676,MidAmerican Energy Company Local Natural Gas Distribution Company - Illinois,IL,Des Moines,IA,50309,"666 Grand Avenue, Suite 500",POLK COUNTY,41.58758,-93.62616,221210,"NN-LDC,W-LDC","7,446.25",9.00,"7,437.25",,N,,,,,,,,,,,,,,,,,,,,,,,,,,,,,,,,,,,,,,,,,,
1006375,110043787676,MidAmerican Energy Company Local Natural Gas Distribution Company - Nebraska,NE,Des Moines,IA,50309,"666 Grand Avenue, Suite 500",POLK COUNTY,41.58758,-93.62616,221210,"NN-LDC,W-LDC",900.60,1.10,899.50,,N,,,,,,,,,,,,,,,,,,,,,,,,,,,,,,,,,,,,,,,,,,
1006376,110043787676,MidAmerican Energy Company Local Natural Gas Distribution Company - South Dakota,SD,Des Moines,IA,50309,"666 Grand Avenue, Suite 500",POLK COUNTY,41.58758,-93.62616,221210,"NN-LDC,W-LDC","8,122.30",9.80,"8,112.50",,N,,,,,,,,,,,,,,,,,,,,,,,,,,,,,,,,,,,,,,,,,,
1002424,110043787676,MidAmerican Energy Local Gas Distribution Company,IA,DesMoines,IA,50309,"666 Grand Avenue, Suite 500",POLK COUNTY,41.58758,-93.62616,221210,"NN-LDC,W-LDC","77,287.90","1,130.90","76,157.00",,N,,,,,,,,,,,,,,,,,,,,,,,,,,,,,,,,,,,,,,,,,,
1004919,110043798218,Middle Tennessee Natural Gas Utility District,TN,Smithville,TN,37166,1030 West Broad Street,DEKALB COUNTY,35.965524,-85.849081,221210,"NN-LDC,W-LDC","16,946.00",21.00,"16,925.00",,N,,,,,,,,,,,,,,,,,,,,,,,,,,,,,,,,,,,,,,,,,,
1000388,110070081758,Middleborough Gas & Electric Department,MA,Middleborough,MA,02346,32 South Main St.,PLYMOUTH COUNTY,41.89142,-70.91059,221210,"NN-LDC,W-LDC","1,497.85",169.60,"1,328.25",,N,,,,,,,,,,,,,,,,,,,,,,,,,,,,,,,,,,,,,,,,,,
1007381,110043810481,Minnesota Energy Resources Corporation,MN,Rosemount,MN,55068,2665 145th Street West,DAKOTA COUNTY,44.73921,-93.11913,221210,"NN-LDC,W-LDC","26,296.20",31.70,"26,264.50",,N,,,,,,,,,,,,,,,,,,,,,,,,,,,,,,,,,,,,,,,,,,
1006687,110043971789,Mountaineer Gas Company,WV,Charleston,WV,25304,501 56th St SE,KANAWHA COUNTY,38.39223,-81.65835,221210,"NN-LDC,W-LDC","138,774.10",167.10,"138,607.00",,N,,,,,,,,,,,,,,,,,,,,,,,,,,,,,,,,,,,,,,,,,,
1007020,110043800474,Murray Natural Gas,KY,Murray,KY,42071,200 Andrus Dr,CALLOWAY COUNTY,36.61977,-88.29808,221210,"NN-LDC,W-LDC","1,400.20",1.70,"1,398.50",,N,,,,,,,,,,,,,,,,,,,,,,,,,,,,,,,,,,,,,,,,,,
1002603,110010172936,NIAGARA MOHAWK POWER CORPORATION,NY,Syracuse,NY,13202,300 Erie Boulevard West,ONONDAGA COUNTY,43.05085,-76.15701,221121,"NN-LDC,W-LDC","175,758.25",230.50,"175,527.75",,N,,,,,,,,,,,,,,,,,,,,,,,,,,,,,,,,,,,,,,,,,,
1004163,110001381763,NICOR GAS,IL,NAPERVILLE,IL,60563,1844 W. FERRY ROAD,DUPAGE COUNTY,41.807253,-88.197789,221210,"NN-LDC,W-LDC","135,628.80","10,590.80","125,038.00",,N,,,,,,,,,,,,,,,,,,,,,,,,,,,,,,,,,,,,,,,,,,
1006398,110043969550,NIPSCO GAS,IN,Merrillville,IN,46410,801 E. 86th Avenue,LAKE COUNTY,41.46339,-87.32624,221210,"NN-LDC,W-LDC","115,194.52","20,676.40","94,506.50",11.62,N,,,,,,,,,,,,,,,,,,,,,,,,,,,,,,,,,,,,,,,,,,
1002199,110030484928,NORTHWESTERN ENERGY/GTS,MT,BUTTE,MT,59701,11 E. Park,SILVER BOW COUNTY,46.01382,-112.53437,486210,"NN-LDC,W-LDC","25,209.65",30.40,"25,179.25",,N,,,,,,,,,,,,,,,,,,,,,,,,,,,,,,,,,,,,,,,,,,
1001277,110043952283,NSTAR Gas Company,MA,Westwood,MA,02090,1 NSTAR Way,NORFOLK COUNTY,42.20446,-71.15937,221210,"NN-LDC,W-LDC","96,080.95",115.70,"95,965.25",,N,,,,,,,,,,,,,,,,,,,,,,,,,,,,,,,,,,,,,,,,,,
1007039,110004773594,NW Natural - Oregon,OR,Portland,OR,97209,220 NW 2nd Ave,MULTNOMAH COUNTY,45.52491,-122.67245,221210,"NN-LDC,W-LDC","57,589.55",69.30,"57,520.25",,N,,,,,,,,,,,,,,,,,,,,,,,,,,,,,,,,,,,,,,,,,,
1011405,110007741658,NW Natural - Washington,WA,Portland,OR,97209,220 NW 2nd Ave.,CLACKAMAS COUNTY,45.370186,-122.588485,221210,"NN-LDC,W-LDC","8,790.85",10.60,"8,780.25",,N,,,,,,,,,,,,,,,,,,,,,,,,,,,,,,,,,,,,,,,,,,
1005663,110043788005,National Fuel Gas Distribution Corp - Pennsylvania,PA,Erie,PA,16501,1100 State Street,,42.96506,-78.71458,221210,"NN-LDC,W-LDC","86,494.45",105.70,"86,388.75",,N,,,,,,,,,,,,,,,,,,,,,,,,,,,,,,,,,,,,,,,,,,
1003066,110043788005,National Fuel Gas Distribution Corporation,NY,Williamsville,NY,14221,6363 Main Street,ERIE COUNTY,42.96609,-78.71452,221210,"NN-LDC,W-LDC","151,707.55",214.30,"151,493.25",,N,,,,,,,,,,,,,,,,,,,,,,,,,,,,,,,,,,,,,,,,,,
1002582,110043806478,New Jersey Resources,NJ,wall township,NJ,07719,1415 Wyckoff Rd.,MONMOUTH COUNTY,40.21025,-74.12692,221210,"NN-LDC,W-LDC","38,478.55",46.30,"38,432.25",,N,,,,,,,,,,,,,,,,,,,,,,,,,,,,,,,,,,,,,,,,,,
1001626,110043814771,New Mexico Gas Company,NM,Albuquerque,NM,87109,7120 Wyoming Blvd. NE Ste. 20,BERNALILLO COUNTY,35.159792,-106.55982,221210,"NN-LDC,W-LDC","55,649.50",67.00,"55,582.50",,N,,,,,,,,,,,,,,,,,,,,,,,,,,,,,,,,,,,,,,,,,,
1003642,110043793035,New York State Electric and Gas,NY,Binghamton,NY,13904,18 Link Drive,BROOME COUNTY,42.10469,-75.82226,221210,"NN-LDC,W-LDC","37,635.65",45.40,"37,590.25",,N,,,,,,,,,,,,,,,,,,,,,,,,,,,,,,,,,,,,,,,,,,
1009724,110054620594,NorthWestern Energy NE LDC,NE,Butte,MT,59701,11 E. Park,SILVER BOW COUNTY,46.013787,-112.534853,221210,"NN-LDC,W-LDC","4,071.15",4.90,"4,066.25",,N,,,,,,,,,,,,,,,,,,,,,,,,,,,,,,,,,,,,,,,,,,
1002986,110043814227,"NorthWestern Energy, SD LDC",SD,Butte,MT,59701,11 E. Park,SILVER BOW COUNTY,46.01382,-112.53437,221210,"NN-LDC,W-LDC","7,154.60",8.60,"7,146.00",,N,,,,,,,,,,,,,,,,,,,,,,,,,,,,,,,,,,,,,,,,,,
1003203,110043783956,"Northern States Power Company, A Minnesota Corporation",MN,Minneapolis,MN,55401,414 Nicollet Mall,HENNEPIN COUNTY,44.97967,-93.26989,221210,"NN-LDC,W-LDC","56,904.49","1,918.10","54,985.50",0.89,N,,,,,,,,,,,,,,,,,,,,,,,,,,,,,,,,,,,,,,,,,,
1000091,110019898896,Norwich,CT,NORWICH,CT,06360,16 S GOLDEN ST,New London,41.5269,-72.0631,221210,"NN-LDC,W-LDC","2,148.10",2.60,"2,145.50",,N,,,,,,,,,,,,,,,,,,,,,,,,,,,,,,,,,,,,,,,,,,
1000205,110035465387,Okaloosa Gas District,FL,Valparaiso,FL,32580,364 Valparaiso Pkwy,OKALOOSA COUNTY,30.50954,-86.49666,221210,"NN-LDC,W-LDC","25,404.35",30.60,"25,373.75",,N,,,,,,,,,,,,,,,,,,,,,,,,,,,,,,,,,,,,,,,,,,
1004108,110043782804,Oklahoma Natural Gas Co.,OK,Oklahoma City,OK,73101,401 N. Harvey,OKLAHOMA COUNTY,35.47121,-97.51788,221210,"NN-LDC,W-LDC","149,571.85",180.10,"149,391.75",,N,,,,,,,,,,,,,,,,,,,,,,,,,,,,,,,,,,,,,,,,,,
1005256,110000844631,PACIFIC GAS AND ELECTRIC COMPANY,CA,SAN FRANCISCO,CA,94105,77 BEALE STREET,SAN FRANCISCO COUNTY,37.79134,-122.39604,221210,"NN-LDC,W-LDC","281,735.20",339.20,"281,396.00",,N,,,,,,,,,,,,,,,,,,,,,,,,,,,,,,,,,,,,,,,,,,
1002791,110043797585,PECO Gas Division,PA,Philadelphia,PA,19101,2301 Market Street  S7-2,DELAWARE COUNTY,39.832588,-75.424143,221210,"NN-LDC,W-LDC","118,167.50",995.00,"117,172.50",,N,,,,,,,,,,,,,,,,,,,,,,,,,,,,,,,,,,,,,,,,,,
1002812,110001527517,PSE&G,NJ,Newark,NJ,07102,80 Park Plaza,ESSEX COUNTY,40.73811,-74.16993,221210,"NN-LDC,W-LDC","567,764.14","2,890.70","564,872.25",1.19,N,,,,,,,,,,,,,,,,,,,,,,,,,,,,,,,,,,,,,,,,,,
1004567,110043783974,PSNC,NC,Gastonia,NC,28056,"800 Gaston Road, Bld A",GASTON COUNTY,35.24976,-81.08879,221210,"NN-LDC,W-LDC","54,076.85",65.10,"54,011.75",,N,,,,,,,,,,,,,,,,,,,,,,,,,,,,,,,,,,,,,,,,,,
1010644,110000980118,Peoples Gas Company Pennsylvania,PA,Pittsburgh,PA,15212,375 North Shore Drive,YORK COUNTY,40.063571,-76.720493,221210,"NN-LDC,W-LDC","50,878.05",61.30,"50,816.75",,N,,,,,,,,,,,,,,,,,,,,,,,,,,,,,,,,,,,,,,,,,,
1004429,110001040025,"Peoples Natural Gas Company, LLC",PA,Pittsburgh,PA,15221,1201 Pitt Street,ALLEGHENY COUNTY,40.44692,-79.88594,221210,"NN-LDC,W-LDC","224,360.60",270.10,"224,090.50",,N,,,,,,,,,,,,,,,,,,,,,,,,,,,,,,,,,,,,,,,,,,
1006569,110043969630,Philadelphia Gas Works - Corporate,PA,Philadelphia,PA,19122,800 West Montgomery Avenue,PHILADELPHIA COUNTY,39.97907,-75.14869,221210,"NN-LDC,W-LDC","268,746.84","2,762.60","265,982.75",1.49,N,,,,,,,,,,,,,,,,,,,,,,,,,,,,,,,,,,,,,,,,,,
1001583,110043972387,Piedmont Natural Gas - North Carolina,NC,Charlotte,NC,28210,4720 Piedmont Row Drive,MECKLENBURG COUNTY,35.15187,-80.83978,221210,"NN-LDC,W-LDC","146,272.20","61,720.10","84,492.50",59.60,N,,,,,,,,,,,,,,,,,,,,,,,,,,,,,,,,,,,,,,,,,,
1001582,110043970940,Piedmont Natural Gas - South Carolina,SC,Charlotte,NC,28210,4720 Piedmont Row Drive,MECKLENBURG COUNTY,35.15171,-80.83983,221210,"NN-LDC,W-LDC","18,004.20",21.70,"17,982.50",,N,,,,,,,,,,,,,,,,,,,,,,,,,,,,,,,,,,,,,,,,,,
1005857,110043970940,Piedmont Natural Gas - Tennessee,TN,Charlotte,NC,28210,4720 Piedmont Row Drive,MECKLENBURG COUNTY,35.15171,-80.83983,221210,"NN-LDC,W-LDC","43,418.65","2,845.40","40,573.25",,N,,,,,,,,,,,,,,,,,,,,,,,,,,,,,,,,,,,,,,,,,,
1002895,110043794169,Public Service Company of Colorado,CO,Denver,CO,80202,1800 Larimer Street,DENVER COUNTY,39.75136,-104.99465,221210,"NN-LDC,W-LDC","191,975.60",231.10,"191,744.50",,N,,,,,,,,,,,,,,,,,,,,,,,,,,,,,,,,,,,,,,,,,,
1005387,110043790092,Puget Sound Energy LDC,WA,Bellevue,WA,98004,10885 NE 4th St,KING COUNTY,47.61373,-122.19453,221210,"NN-LDC,W-LDC","64,321.80","1,143.70","63,177.50",0.60,N,,,,,,,,,,,,,,,,,,,,,,,,,,,,,,,,,,,,,,,,,,
1003576,110004342765,Rochester Gas & Electric Corp,NY,Rochester,NY,14649,89 East Avenue,MONROE COUNTY,43.2689,-77.6294,221122,"NN-LDC,W-LDC","29,124.10",35.10,"29,089.00",,N,,,,,,,,,,,,,,,,,,,,,,,,,,,,,,,,,,,,,,,,,,
1005435,110043784054,Rock Energy Cooperative,IL,Janesville,WI,53547,2815 Kennedy Rd.,ROCK COUNTY,42.71617,-89.00593,221210,"NN-LDC,W-LDC",976.85,1.10,975.75,,N,,,,,,,,,,,,,,,,,,,,,,,,,,,,,,,,,,,,,,,,,,
1007125,110043785570,SAN DIEGO GAS & ELECTRIC (LDC),CA,SAN DIEGO,CA,92123,8316 CENTURY PARK CT  ,SAN DIEGO COUNTY,32.823398,-117.144081,221210,"NN-LDC,W-LDC","54,646.55",65.80,"54,580.75",,N,,,,,,,,,,,,,,,,,,,,,,,,,,,,,,,,,,,,,,,,,,
1004654,110043808270,SCE&G Gas Operations,SC,Cayce,SC,29033,220 Operations Way,LEXINGTON COUNTY,33.956548,-81.047512,221210,"NN-LDC,W-LDC","43,949.65",52.90,"43,896.75",,N,,,,,,,,,,,,,,,,,,,,,,,,,,,,,,,,,,,,,,,,,,
1003026,110043785623,SEMCO Energy Gas Company,MI,Port Huron,MI,48060,"1411 Third St, Suite A",ST. CLAIR COUNTY,42.972146,-82.422355,221210,"NN-LDC,W-LDC","34,972.34","1,912.40","33,058.75",1.19,N,,,,,,,,,,,,,,,,,,,,,,,,,,,,,,,,,,,,,,,,,,
1005209,110018967313,SOUTHERN CALIFORNIA GAS CO End User Emissions (LDC),CA,LOS ANGELES,CA,90013,555 WEST 5TH STREET,LOS ANGELES COUNTY,34.04997,-118.25358,221210,"NN-LDC,W-LDC","1,309,064.60","1,576.10","1,307,488.50",,N,,,,,,,,,,,,,,,,,,,,,,,,,,,,,,,,,,,,,,,,,,
1011114,,Sandpiper Energy,MD,Salisbury,MD,21804,32145 Beaver Run Dr,,39.114747,-75.750871,221210,"NN-LDC,W-LDC","1,407.95",1.70,"1,406.25",,N,,,,,,,,,,,,,,,,,,,,,,,,,,,,,,,,,,,,,,,,,,
1007602,110043791741,South Jersey Gas Company,NJ,Folsom,NJ,08037,One South Jersey Plaza,ATLANTIC COUNTY,39.60441,-74.83855,221210,"NN-LDC,W-LDC","49,215.00","1,258.90","47,955.50",0.60,N,,,,,,,,,,,,,,,,,,,,,,,,,,,,,,,,,,,,,,,,,,
1005674,110030333333,Southern Connecticut Gas Company,CT,Orange,CT,06477,60 Marsh Hill Rd,NEW HAVEN COUNTY,41.25052,-72.9996,221210,"NN-LDC,W-LDC","101,594.50","1,104.90","100,489.00",0.60,N,,,,,,,,,,,,,,,,,,,,,,,,,,,,,,,,,,,,,,,,,,
1004112,110043791830,Southern Indiana Gas & Electric Company,IN,Evansville,IN,47711,One Vectren Square,VANDERBURGH COUNTY,38.005965,-87.549475,221210,"NN-LDC,W-LDC","24,105.25",29.00,"24,076.25",,N,,,,,,,,,,,,,,,,,,,,,,,,,,,,,,,,,,,,,,,,,,
1006640,110041642292,Southwest Gas - Arizona,AZ,Las Vegas,NV,89150,5241 Spring Mountain Road,CLARK COUNTY,36.12602,-115.21338,221210,"NN-LDC,W-LDC","92,960.20",111.70,"92,848.50",,N,,,,,,,,,,,,,,,,,,,,,,,,,,,,,,,,,,,,,,,,,,
1006638,110041642292,Southwest Gas - California,CA,Las Vegas,NV,89150,5241 Spring Mountain Road,CLARK COUNTY,36.12602,-115.21338,221210,"NN-LDC,W-LDC","14,920.50",18.00,"14,902.50",,N,,,,,,,,,,,,,,,,,,,,,,,,,,,,,,,,,,,,,,,,,,
1006639,110041642292,Southwest Gas - Nevada,NV,Las vegas,NV,89150,5241 Spring Mountain Road,CLARK COUNTY,36.12602,-115.21338,221210,"NN-LDC,W-LDC","43,754.20",53.70,"43,700.50",,N,,,,,,,,,,,,,,,,,,,,,,,,,,,,,,,,,,,,,,,,,,
1005967,110013693538,Spire Alabama,AL,BIRMINGHAM,AL,35203,2101 6th Avenue North,JEFFERSON COUNTY,33.520058,-86.807637,221210,"NN-LDC,W-LDC","163,435.70",197.20,"163,238.50",,N,,,,,,,,,,,,,,,,,,,,,,,,,,,,,,,,,,,,,,,,,,
1003336,110012233485,Spire Gulf Inc.,AL,Mobile,AL,36606,2828 Dauphin St,MOBILE COUNTY,30.68858,-88.10822,221210,"NN-LDC,W-LDC","13,457.45",16.20,"13,441.25",,N,,,,,,,,,,,,,,,,,,,,,,,,,,,,,,,,,,,,,,,,,,
1001688,110054620692,Spire Mississippi,MS,Hattiesburg,MS,39401,1614 West 4th Street,FORREST COUNTY,31.325695,-89.288755,221210,"NN-LDC,W-LDC","3,065.70",3.70,"3,062.00",,N,,,,,,,,,,,,,,,,,,,,,,,,,,,,,,,,,,,,,,,,,,
1002544,110001453597,Spire Missouri East,MO,St. Louis,MO,63101,700 Market Street,ST. LOUIS CITY,38.62834,-90.19246,221210,"NN-LDC,W-LDC","85,133.80",121.80,"85,012.00",,N,,,,,,,,,,,,,,,,,,,,,,,,,,,,,,,,,,,,,,,,,,
1004482,110070081894,Spire Missouri West,MO,KANSAS CITY,MO,64129,7500 E. 35th Terrace,JACKSON COUNTY,39.06574,-94.59022,221210,"NN-LDC,W-LDC","55,148.45",66.20,"55,082.25",,N,,,,,,,,,,,,,,,,,,,,,,,,,,,,,,,,,,,,,,,,,,
1006771,110043973000,TECO Peoples Gas,FL,Tampa,FL,33602,702 North Franklin Street,HILLSBOROUGH COUNTY,27.95029,-82.4591,221210,"NN-LDC,W-LDC","62,191.75","1,041.90","61,149.25",0.60,N,,,,,,,,,,,,,,,,,,,,,,,,,,,,,,,,,,,,,,,,,,
1002482,110010710338,THE BROOKLYN UNION GAS COMPANY,NY,Brooklyn,NY,11201,One MetroTech Center,KINGS COUNTY,40.69259,-73.987265,221210,"NN-LDC,W-LDC","196,321.73","4,082.50","192,236.25",2.98,N,,,,,,,,,,,,,,,,,,,,,,,,,,,,,,,,,,,,,,,,,,
1002604,110000820005,THE NARRAGANSETT ELECTRIC COMPANY,RI,Providence,RI,02907,280 Melrose Street,PROVIDENCE COUNTY,41.816013,-71.404427,221210,"NN-LDC,W-LDC","137,393.40",165.40,"137,228.00",,N,,,,,,,,,,,,,,,,,,,,,,,,,,,,,,,,,,,,,,,,,,
1004336,110043812924,Texas Gas Service,TX,Austin,TX,78746,1301 S Mopac Expressway,TRAVIS COUNTY,30.26229,-97.78925,221210,"NN-LDC,W-LDC","120,718.30",145.30,"120,573.00",,N,,,,,,,,,,,,,,,,,,,,,,,,,,,,,,,,,,,,,,,,,,
1001966,110024471329,The Peoples Gas Light and Coke Company,IL,CHICAGO,IL,60601,200 East Randolph Street,COOK COUNTY,41.88449,-87.62314,221210,"NN-LDC,W-LDC","170,851.63","4,666.50","166,182.75",2.38,N,,,,,,,,,,,,,,,,,,,,,,,,,,,,,,,,,,,,,,,,,,
1005723,110043809634,Trussville Utilities,AL,Trussville,AL,35173,127 Main Street,JEFFERSON COUNTY,33.621523,-86.602293,221210,"NN-LDC,W-LDC","2,193.35",2.60,"2,190.75",,N,,,,,,,,,,,,,,,,,,,,,,,,,,,,,,,,,,,,,,,,,,
1007356,110043802659,"UGI Utilities, Inc.",PA,Denver,PA,17517,1 UGI Drive,,40.372376,-75.915056,221210,"NN-LDC,W-LDC","142,290.55",171.30,"142,119.25",,N,,,,,,,,,,,,,,,,,,,,,,,,,,,,,,,,,,,,,,,,,,
1000600,110043802677,UNS Gas,AZ,Flagstaff,AZ,86001,"2901 W. Shamrell Blvd., Suite 110",COCONINO COUNTY,35.13778,-111.68052,221210,"NN-LDC,W-LDC","15,004.85",18.10,"14,986.75",,N,,,,,,,,,,,,,,,,,,,,,,,,,,,,,,,,,,,,,,,,,,
1004296,110010833349,Vectren Energy Delivery of Ohio,OH,Evansville,IN,47708,One Vectren Square,VANDERBURGH COUNTY,37.973424,-87.575423,221210,"NN-LDC,W-LDC","44,842.80",53.80,"44,789.00",,N,,,,,,,,,,,,,,,,,,,,,,,,,,,,,,,,,,,,,,,,,,
1003922,110005299122,"Vermont Gas Systems, Inc.",VT,South Burlington,VT,05403,85 Swift Street,CHITTENDEN COUNTY,44.477853,-73.174801,221210,"NN-LDC,W-LDC","4,067.15",4.90,"4,062.25",,N,,,,,,,,,,,,,,,,,,,,,,,,,,,,,,,,,,,,,,,,,,
1004180,110043793909,Virginia Natural Gas,VA,Norfolk,VA,23510,150 West Main Street,NORFOLK CITY,36.84668,-76.29339,221210,"NN-LDC,W-LDC","47,680.30","1,402.80","46,277.50",,N,,,,,,,,,,,,,,,,,,,,,,,,,,,,,,,,,,,,,,,,,,
1001917,110000826250,WASHINGTON GAS LIGHT COMPANY,DC,SPRINGFIELD,VA,22151,6801 INDUSTRIAL ROAD,FAIRFAX COUNTY,38.798414,-77.179308,221210,"NN-LDC,W-LDC","62,743.00",75.50,"62,667.50",,N,,,,,,,,,,,,,,,,,,,,,,,,,,,,,,,,,,,,,,,,,,
1004120,110043812746,WISCONSIN ELECTRIC POWER COMPANY,WI,MILWAUKEE,WI,53201,231 W. MICHIGAN ST.,MILWAUKEE COUNTY,43.03741,-87.91381,221210,"NN-LDC,W-LDC","55,083.30",66.30,"55,017.00",,N,,,,,,,,,,,,,,,,,,,,,,,,,,,,,,,,,,,,,,,,,,
1004293,110043812746,WISCONSIN GAS COMPANY,WI,MILWAUKEE,WI,53201,231 W. MICHIGAN ST.,MILWAUKEE COUNTY,43.03741,-87.91381,221210,"NN-LDC,W-LDC","60,831.95",73.20,"60,758.75",,N,,,,,,,,,,,,,,,,,,,,,,,,,,,,,,,,,,,,,,,,,,
1007849,110000826250,Washington Gas Light Company (MD),MD,Springfield,VA,22151,6801 Industrial Road,FAIRFAX COUNTY,38.798414,-77.179308,221210,"NN-LDC,W-LDC","52,452.25",99.00,"52,353.25",,N,,,,,,,,,,,,,,,,,,,,,,,,,,,,,,,,,,,,,,,,,,
1007850,110000826250,Washington Gas Light Company (VA),VA,Springfield,VA,22151,6801 Industrial Rd,FAIRFAX COUNTY,38.798414,-77.179308,221210,"NN-LDC,W-LDC","50,024.35",71.60,"49,952.75",,N,,,,,,,,,,,,,,,,,,,,,,,,,,,,,,,,,,,,,,,,,,
1011115,110010642073,"West Texas Gas, Inc.",TX,Midland,TX,79701,211 North Colorado,MIDLAND COUNTY,31.99906,-102.07688,221210,"NN-LDC,W-LDC","31,068.65",37.40,"31,031.25",,N,,,,,,,,,,,,,,,,,,,,,,,,,,,,,,,,,,,,,,,,,,
1002025,110043797424,Wisconsin Power & Light Gas Distribution,WI,Madison,WI,53718,4902 North Biltmore Lane,DANE COUNTY,43.15217,-89.29624,221210,"NN-LDC,W-LDC","21,372.80",59.80,"21,313.00",,N,,,,,,,,,,,,,,,,,,,,,,,,,,,,,,,,,,,,,,,,,,
1002250,110043797433,Wisconsin Public Service Corporation,WI,Green Bay,WI,54307,700 North Adams,BROWN COUNTY,44.518347,-88.011616,221210,"NN-LDC,W-LDC","39,797.00",444.70,"39,352.00",0.30,N,,,,,,,,,,,,,,,,,,,,,,,,,,,,,,,,,,,,,,,,,,
1007107,110033645580,Yankee Gas Supply,CT,Berlin,CT,06037,107 Selden Street,HARTFORD COUNTY,41.648374,-72.727969,221210,"NN-LDC,W-LDC","51,184.85",61.60,"51,123.25",,N,,,,,,,,,,,,,,,,,,,,,,,,,,,,,,,,,,,,,,,,,,