Summary data collected by the Greenhouse Gas Reporting Program for 2020,,,,,,,,,,,,,,,,,,,,,,,,,,,,,,,,,,,,,,,,,,,,,,,,,,,,,,,,,
This data was reported to EPA by facilities as of 08/07/2021,,,,,,,,,,,,,,,,,,,,,,,,,,,,,,,,,,,,,,,,,,,,,,,,,,,,,,,,,
All emissions data is presented in units of metric tons of carbon dioxide equivalent using GWP's from IPCC's AR4 (see FAQs tab),,,,,,,,,,,,,,Total Direct Emissions from Transmission Pipelines by Gas,,,,,,,,,,,,,,,,,,,,,,,,,,,,,,,,,,,,,,,,,,,
Facility Id,FRS Id,Facility Name,State where Emissions Occur,Reported City,Reported State,Reported Zip Code,Reported Address,Reported County,Reported Latitude,Reported Longitude,Primary NAICS Code,Industry Type (subparts),Total reported direct emissions from Transmission Pipelines,CO2 emissions (non-biogenic) ,Methane (CH4) emissions ,,,,,,,,,,,,,,,,,,,,,,,,,,,,,,,,,,,,,,,,,,
1012420,110070082278,Algonquin Gas Transmission L.L.C.,Massachusetts,Houston,TX,77056,5400 Westheimer Court,HARRIS COUNTY,29.74013,-95.47309,486210,W-TRANS,337.40,0.40,337.00,,,,,,,,,,,,,,,,,,,,,,,,,,,,,,,,,,,,,,,,,,
1012420,110070082278,Algonquin Gas Transmission L.L.C.,New York,Houston,TX,77056,5400 Westheimer Court,HARRIS COUNTY,29.74013,-95.47309,486210,W-TRANS,39.50,,39.50,,,,,,,,,,,,,,,,,,,,,,,,,,,,,,,,,,,,,,,,,,
1012420,110070082278,Algonquin Gas Transmission L.L.C.,New Jersey,Houston,TX,77056,5400 Westheimer Court,HARRIS COUNTY,29.74013,-95.47309,486210,W-TRANS,9.75,,9.75,,,,,,,,,,,,,,,,,,,,,,,,,,,,,,,,,,,,,,,,,,
1012420,110070082278,Algonquin Gas Transmission L.L.C.,Rhode Island,Houston,TX,77056,5400 Westheimer Court,HARRIS COUNTY,29.74013,-95.47309,486210,W-TRANS,83.60,0.10,83.50,,,,,,,,,,,,,,,,,,,,,,,,,,,,,,,,,,,,,,,,,,
1012420,110070082278,Algonquin Gas Transmission L.L.C.,Connecticut,Houston,TX,77056,5400 Westheimer Court,HARRIS COUNTY,29.74013,-95.47309,486210,W-TRANS,"1,036.70",1.20,"1,035.50",,,,,,,,,,,,,,,,,,,,,,,,,,,,,,,,,,,,,,,,,,
1013856,,Atmos Pipeline Texas,Texas,Dallas,TX,75240,5430 LBJ Freeway,,32.9231523033486,-96.8180156097205,486210,W-TRANS,"84,077.62",218.80,"83,858.82",,,,,,,,,,,,,,,,,,,,,,,,,,,,,,,,,,,,,,,,,,
1010455,110059765384,"DCP Midstream, LP",Texas,Denver,CO,80202,"370 17th Street, Suite 2500",DENVER COUNTY,39.74369,-104.98777,211130,"MM-EXP,W-TRANS","3,135.46",3.61,"3,131.85",,,,,,,,,,,,,,,,,,,,,,,,,,,,,,,,,,,,,,,,,,
1010455,110059765384,"DCP Midstream, LP",Oklahoma,Denver,CO,80202,"370 17th Street, Suite 2500",DENVER COUNTY,39.74369,-104.98777,211130,"MM-EXP,W-TRANS","1,405.60",1.60,"1,404.00",,,,,,,,,,,,,,,,,,,,,,,,,,,,,,,,,,,,,,,,,,
1010455,110059765384,"DCP Midstream, LP",New Mexico,Denver,CO,80202,"370 17th Street, Suite 2500",DENVER COUNTY,39.74369,-104.98777,211130,"MM-EXP,W-TRANS",10.01,0.01,10.00,,,,,,,,,,,,,,,,,,,,,,,,,,,,,,,,,,,,,,,,,,
1013773,110004647142,Dominion Energy Ohio - Transmission Pipelines (TPL),Ohio,Cleveland,OH,44103,1201 East 55th Street,CUYAHOGA COUNTY,41.52712,-81.652,221210,W-TRANS,"8,104.61",9.34,"8,095.28",,,,,,,,,,,,,,,,,,,,,,,,,,,,,,,,,,,,,,,,,,
1012979,110043783064,Dominion Energy Questar - Transmission Pipelines (TPL),Utah,Salt Lake City,UT,84101,1140 West 200 South,SALT LAKE COUNTY,40.76497,-111.92439,486210,W-TRANS,"1,898.69",2.19,"1,896.50",,,,,,,,,,,,,,,,,,,,,,,,,,,,,,,,,,,,,,,,,,
1012979,110043783064,Dominion Energy Questar - Transmission Pipelines (TPL),Colorado,Salt Lake City,UT,84101,1140 West 200 South,SALT LAKE COUNTY,40.76497,-111.92439,486210,W-TRANS,8.67,0.01,8.66,,,,,,,,,,,,,,,,,,,,,,,,,,,,,,,,,,,,,,,,,,
1012979,110043783064,Dominion Energy Questar - Transmission Pipelines (TPL),Wyoming,Salt Lake City,UT,84101,1140 West 200 South,SALT LAKE COUNTY,40.76497,-111.92439,486210,W-TRANS,"2,400.12",2.77,"2,397.35",,,,,,,,,,,,,,,,,,,,,,,,,,,,,,,,,,,,,,,,,,
1013663,110070716075,EGT Arkansas,Arkansas,Oklahoma City,OK,73100,"499 W. Sheridan, Suite 1500",OKLAHOMA COUNTY,35.46646,-97.52124,486210,W-TRANS,"29,838.40",34.40,"29,804.00",,,,,,,,,,,,,,,,,,,,,,,,,,,,,,,,,,,,,,,,,,
1013059,110070209449,EGT Kansas,Kansas,Oklahoma City,OK,73100,"499 W. Sheridan, Suite 1500",OKLAHOMA COUNTY,35.46646,-97.52124,486210,W-TRANS,0.01,0.00,0.01,,,,,,,,,,,,,,,,,,,,,,,,,,,,,,,,,,,,,,,,,,
1013062,110070209467,EGT Texas,Texas,Oklahoma City,OK,73100,"499 W. Sheridan, Suite 1500",OKLAHOMA COUNTY,35.46646,-97.52124,486210,W-TRANS,"21,424.97",24.69,"21,400.29",,,,,,,,,,,,,,,,,,,,,,,,,,,,,,,,,,,,,,,,,,
1013050,110070209514,EOIT Oklahoma,Oklahoma,Oklahoma City,OK,73100,"499 W. Sheridan, Suite 1500",OKLAHOMA COUNTY,35.46646,-97.52124,486210,W-TRANS,"29,417.36",33.89,"29,383.46",,,,,,,,,,,,,,,,,,,,,,,,,,,,,,,,,,,,,,,,,,
1012139,110070082167,Eastern Gas Transmission and Storage - Transmission Pipelines (TPL),West Virginia,Bridgeport,WV,26330,925 White Oaks Blvd,HARRISON COUNTY,39.33367,-80.23478,486210,W-TRANS,"26,431.87",30.45,"26,401.42",,,,,,,,,,,,,,,,,,,,,,,,,,,,,,,,,,,,,,,,,,
1012139,110070082167,Eastern Gas Transmission and Storage - Transmission Pipelines (TPL),Virginia,Bridgeport,WV,26330,925 White Oaks Blvd,HARRISON COUNTY,39.33367,-80.23478,486210,W-TRANS,"1,288.94",1.49,"1,287.45",,,,,,,,,,,,,,,,,,,,,,,,,,,,,,,,,,,,,,,,,,
1012139,110070082167,Eastern Gas Transmission and Storage - Transmission Pipelines (TPL),Ohio,Bridgeport,WV,26330,925 White Oaks Blvd,HARRISON COUNTY,39.33367,-80.23478,486210,W-TRANS,"3,681.93",4.24,"3,677.68",,,,,,,,,,,,,,,,,,,,,,,,,,,,,,,,,,,,,,,,,,
1012139,110070082167,Eastern Gas Transmission and Storage - Transmission Pipelines (TPL),Pennsylvania,Bridgeport,WV,26330,925 White Oaks Blvd,HARRISON COUNTY,39.33367,-80.23478,486210,W-TRANS,"20,589.71",23.72,"20,565.99",,,,,,,,,,,,,,,,,,,,,,,,,,,,,,,,,,,,,,,,,,
1012139,110070082167,Eastern Gas Transmission and Storage - Transmission Pipelines (TPL),Maryland,Bridgeport,WV,26330,925 White Oaks Blvd,HARRISON COUNTY,39.33367,-80.23478,486210,W-TRANS,18.41,0.02,18.39,,,,,,,,,,,,,,,,,,,,,,,,,,,,,,,,,,,,,,,,,,
1012139,110070082167,Eastern Gas Transmission and Storage - Transmission Pipelines (TPL),New York,Bridgeport,WV,26330,925 White Oaks Blvd,HARRISON COUNTY,39.33367,-80.23478,486210,W-TRANS,"13,314.34",15.34,"13,298.99",,,,,,,,,,,,,,,,,,,,,,,,,,,,,,,,,,,,,,,,,,
1012829,110070082522,Enbridge - Vector Transmission Pipeline Segment,Michigan,Houston,TX,77002,"1100 Louisiana Street, Suite 3300",HARRIS COUNTY,29.7574,-95.36843,486210,W-TRANS,33.13,0.02,33.11,,,,,,,,,,,,,,,,,,,,,,,,,,,,,,,,,,,,,,,,,,
1012699,110070082450,"Equitrans, LP - Transmission Pipeline",West Virginia,Pittsburgh,PA,15222,"625 Liberty Avenue, Suite 1700",ALLEGHENY COUNTY,40.442188,-80.000854,486210,W-TRANS,523.76,0.15,523.61,,,,,,,,,,,,,,,,,,,,,,,,,,,,,,,,,,,,,,,,,,
1012699,110070082450,"Equitrans, LP - Transmission Pipeline",Pennsylvania,Pittsburgh,PA,15222,"625 Liberty Avenue, Suite 1700",ALLEGHENY COUNTY,40.442188,-80.000854,486210,W-TRANS,"4,977.29",1.42,"4,975.87",,,,,,,,,,,,,,,,,,,,,,,,,,,,,,,,,,,,,,,,,,
1012775,110070082493,Gulf South Pipeline Blowdowns,Texas,Houston,TX,77046,"9 Greenway Plaza, Suite 2800",HARRIS COUNTY,29.73177,-95.43444,486210,W-TRANS,"5,300.61",6.11,"5,294.50",,,,,,,,,,,,,,,,,,,,,,,,,,,,,,,,,,,,,,,,,,
1012775,110070082493,Gulf South Pipeline Blowdowns,Louisiana,Houston,TX,77046,"9 Greenway Plaza, Suite 2800",HARRIS COUNTY,29.73177,-95.43444,486210,W-TRANS,"19,431.14",22.39,"19,408.75",,,,,,,,,,,,,,,,,,,,,,,,,,,,,,,,,,,,,,,,,,
1012775,110070082493,Gulf South Pipeline Blowdowns,Mississippi,Houston,TX,77046,"9 Greenway Plaza, Suite 2800",HARRIS COUNTY,29.73177,-95.43444,486210,W-TRANS,"7,896.85",9.10,"7,887.75",,,,,,,,,,,,,,,,,,,,,,,,,,,,,,,,,,,,,,,,,,
1013893,,MRT Louisiana,Louisiana,Oklahoma City,OK,73100,"499 W. Sheridan, Suite 1500",,35.4669788043351,-97.5204836889118,486210,W-TRANS,"44,859.95",51.69,"44,808.26",,,,,,,,,,,,,,,,,,,,,,,,,,,,,,,,,,,,,,,,,,
1012732,110070082469,Northern Natural Gas - Transmission Pipeline,Texas,Omaha,NE,68124,1111 S. 103rd Street,DOUGLAS COUNTY,41.24817,-96.07309,486210,W-TRANS,"9,049.69",3.94,"9,045.75",,,,,,,,,,,,,,,,,,,,,,,,,,,,,,,,,,,,,,,,,,
1012732,110070082469,Northern Natural Gas - Transmission Pipeline,Iowa,Omaha,NE,68124,1111 S. 103rd Street,DOUGLAS COUNTY,41.24817,-96.07309,486210,W-TRANS,"17,285.93",19.93,"17,266.00",,,,,,,,,,,,,,,,,,,,,,,,,,,,,,,,,,,,,,,,,,
1012732,110070082469,Northern Natural Gas - Transmission Pipeline,Nebraska,Omaha,NE,68124,1111 S. 103rd Street,DOUGLAS COUNTY,41.24817,-96.07309,486210,W-TRANS,"52,111.01",54.26,"52,056.75",,,,,,,,,,,,,,,,,,,,,,,,,,,,,,,,,,,,,,,,,,
1012732,110070082469,Northern Natural Gas - Transmission Pipeline,Kansas,Omaha,NE,68124,1111 S. 103rd Street,DOUGLAS COUNTY,41.24817,-96.07309,486210,W-TRANS,"44,072.54",17.54,"44,055.00",,,,,,,,,,,,,,,,,,,,,,,,,,,,,,,,,,,,,,,,,,
1012732,110070082469,Northern Natural Gas - Transmission Pipeline,Oklahoma,Omaha,NE,68124,1111 S. 103rd Street,DOUGLAS COUNTY,41.24817,-96.07309,486210,W-TRANS,"10,879.33",5.58,"10,873.75",,,,,,,,,,,,,,,,,,,,,,,,,,,,,,,,,,,,,,,,,,
1012732,110070082469,Northern Natural Gas - Transmission Pipeline,New Mexico,Omaha,NE,68124,1111 S. 103rd Street,DOUGLAS COUNTY,41.24817,-96.07309,486210,W-TRANS,44.00,,44.00,,,,,,,,,,,,,,,,,,,,,,,,,,,,,,,,,,,,,,,,,,
1012732,110070082469,Northern Natural Gas - Transmission Pipeline,Michigan,Omaha,NE,68124,1111 S. 103rd Street,DOUGLAS COUNTY,41.24817,-96.07309,486210,W-TRANS,"1,442.36",1.36,"1,441.00",,,,,,,,,,,,,,,,,,,,,,,,,,,,,,,,,,,,,,,,,,
1012732,110070082469,Northern Natural Gas - Transmission Pipeline,Minnesota,Omaha,NE,68124,1111 S. 103rd Street,DOUGLAS COUNTY,41.24817,-96.07309,486210,W-TRANS,"11,424.37",14.12,"11,410.25",,,,,,,,,,,,,,,,,,,,,,,,,,,,,,,,,,,,,,,,,,
1012732,110070082469,Northern Natural Gas - Transmission Pipeline,Wisconsin,Omaha,NE,68124,1111 S. 103rd Street,DOUGLAS COUNTY,41.24817,-96.07309,486210,W-TRANS,"3,772.91",4.41,"3,768.50",,,,,,,,,,,,,,,,,,,,,,,,,,,,,,,,,,,,,,,,,,
1012732,110070082469,Northern Natural Gas - Transmission Pipeline,South Dakota,Omaha,NE,68124,1111 S. 103rd Street,DOUGLAS COUNTY,41.24817,-96.07309,486210,W-TRANS,615.48,0.73,614.75,,,,,,,,,,,,,,,,,,,,,,,,,,,,,,,,,,,,,,,,,,
1013340,110070525503,Northwest Pipeline GP - Pipeline,Washington,Tulsa,OK,74172,One Williams Center,WAGONER COUNTY,36.08256,-95.67245,486210,W-TRANS,"5,025.97",5.79,"5,020.18",,,,,,,,,,,,,,,,,,,,,,,,,,,,,,,,,,,,,,,,,,
1013340,110070525503,Northwest Pipeline GP - Pipeline,Idaho,Tulsa,OK,74172,One Williams Center,WAGONER COUNTY,36.08256,-95.67245,486210,W-TRANS,"14,560.97",16.78,"14,544.19",,,,,,,,,,,,,,,,,,,,,,,,,,,,,,,,,,,,,,,,,,
1013109,110054114702,"ONEOK Gas Transportation, L.L.C.",Oklahoma,Tulsa,OK,74103,100 West Fifth Street,TULSA COUNTY,36.15106,-95.99127,486210,W-TRANS,"12,309.62",6.71,"12,302.91",,,,,,,,,,,,,,,,,,,,,,,,,,,,,,,,,,,,,,,,,,
1012662,110070082427,PG&E Transmission Blowdown,California,San Francisco,CA,94105,77 Beale Street,,37.7890183,-122.3915063,221210,W-TRANS,"113,329.44",105.41,"113,224.03",,,,,,,,,,,,,,,,,,,,,,,,,,,,,,,,,,,,,,,,,,
1012752,110070082481,Southern California Gas Co Transmission,California,Los Angeles,CA,90013,555 W. 5th Street,,34.043925,-118.2424291,486210,W-TRANS,"34,954.11",31.96,"34,922.15",,,,,,,,,,,,,,,,,,,,,,,,,,,,,,,,,,,,,,,,,,
1012587,110070082383,Southern Star Central Gas Pipeline,Missouri,Owensboro,KY,42304,4700 KY Highway 56 West,,37.7531071,-87.1796099,486210,W-TRANS,8.67,0.01,8.66,,,,,,,,,,,,,,,,,,,,,,,,,,,,,,,,,,,,,,,,,,
1012587,110070082383,Southern Star Central Gas Pipeline,Oklahoma,Owensboro,KY,42304,4700 KY Highway 56 West,,37.7531071,-87.1796099,486210,W-TRANS,"23,106.42",26.62,"23,079.80",,,,,,,,,,,,,,,,,,,,,,,,,,,,,,,,,,,,,,,,,,
1012587,110070082383,Southern Star Central Gas Pipeline,Kansas,Owensboro,KY,42304,4700 KY Highway 56 West,,37.7531071,-87.1796099,486210,W-TRANS,"28,538.40",32.88,"28,505.52",,,,,,,,,,,,,,,,,,,,,,,,,,,,,,,,,,,,,,,,,,
1012416,110012689082,"Texas Eastern Transmission, LP",Tennessee,Houston,TX,77056,5400 Westheimer Court,HARRIS COUNTY,29.74013,-95.47309,486210,W-TRANS,78.35,0.10,78.25,,,,,,,,,,,,,,,,,,,,,,,,,,,,,,,,,,,,,,,,,,
1012416,110012689082,"Texas Eastern Transmission, LP",Maryland,Houston,TX,77056,5400 Westheimer Court,HARRIS COUNTY,29.74013,-95.47309,486210,W-TRANS,"4,064.95",4.70,"4,060.25",,,,,,,,,,,,,,,,,,,,,,,,,,,,,,,,,,,,,,,,,,
1012416,110012689082,"Texas Eastern Transmission, LP",Arkansas,Houston,TX,77056,5400 Westheimer Court,HARRIS COUNTY,29.74013,-95.47309,486210,W-TRANS,"14,055.70",16.20,"14,039.50",,,,,,,,,,,,,,,,,,,,,,,,,,,,,,,,,,,,,,,,,,
1012416,110012689082,"Texas Eastern Transmission, LP",Mississippi,Houston,TX,77056,5400 Westheimer Court,HARRIS COUNTY,29.74013,-95.47309,486210,W-TRANS,"12,116.50",14.00,"12,102.50",,,,,,,,,,,,,,,,,,,,,,,,,,,,,,,,,,,,,,,,,,
1012416,110012689082,"Texas Eastern Transmission, LP",Alabama,Houston,TX,77056,5400 Westheimer Court,HARRIS COUNTY,29.74013,-95.47309,486210,W-TRANS,159.20,0.20,159.00,,,,,,,,,,,,,,,,,,,,,,,,,,,,,,,,,,,,,,,,,,
1012416,110012689082,"Texas Eastern Transmission, LP",New Jersey,Houston,TX,77056,5400 Westheimer Court,HARRIS COUNTY,29.74013,-95.47309,486210,W-TRANS,903.00,1.00,902.00,,,,,,,,,,,,,,,,,,,,,,,,,,,,,,,,,,,,,,,,,,
1012416,110012689082,"Texas Eastern Transmission, LP",Indiana,Houston,TX,77056,5400 Westheimer Court,HARRIS COUNTY,29.74013,-95.47309,486210,W-TRANS,"4,197.80",4.80,"4,193.00",,,,,,,,,,,,,,,,,,,,,,,,,,,,,,,,,,,,,,,,,,
1012416,110012689082,"Texas Eastern Transmission, LP",Kentucky,Houston,TX,77056,5400 Westheimer Court,HARRIS COUNTY,29.74013,-95.47309,486210,W-TRANS,"115,592.45",133.20,"115,459.25",,,,,,,,,,,,,,,,,,,,,,,,,,,,,,,,,,,,,,,,,,
1012416,110012689082,"Texas Eastern Transmission, LP",Texas,Houston,TX,77056,5400 Westheimer Court,HARRIS COUNTY,29.74013,-95.47309,486210,W-TRANS,"4,120.95",4.70,"4,116.25",,,,,,,,,,,,,,,,,,,,,,,,,,,,,,,,,,,,,,,,,,
1012416,110012689082,"Texas Eastern Transmission, LP",Pennsylvania,Houston,TX,77056,5400 Westheimer Court,HARRIS COUNTY,29.74013,-95.47309,486210,W-TRANS,"17,983.20",20.70,"17,962.50",,,,,,,,,,,,,,,,,,,,,,,,,,,,,,,,,,,,,,,,,,
1012416,110012689082,"Texas Eastern Transmission, LP",West Virginia,Houston,TX,77056,5400 Westheimer Court,HARRIS COUNTY,29.74013,-95.47309,486210,W-TRANS,"15,613.00",18.00,"15,595.00",,,,,,,,,,,,,,,,,,,,,,,,,,,,,,,,,,,,,,,,,,
1012416,110012689082,"Texas Eastern Transmission, LP",Ohio,Houston,TX,77056,5400 Westheimer Court,HARRIS COUNTY,29.74013,-95.47309,486210,W-TRANS,"2,960.40",3.40,"2,957.00",,,,,,,,,,,,,,,,,,,,,,,,,,,,,,,,,,,,,,,,,,
1012416,110012689082,"Texas Eastern Transmission, LP",Louisiana,Houston,TX,77056,5400 Westheimer Court,HARRIS COUNTY,29.74013,-95.47309,486210,W-TRANS,"1,193.90",1.40,"1,192.50",,,,,,,,,,,,,,,,,,,,,,,,,,,,,,,,,,,,,,,,,,
1012821,110070082518,Texas Gas Pipeline Blowdowns,Louisiana,Houston,TX,77046,"9 Greenway Plaza, Suite 2800",HARRIS COUNTY,29.73177,-95.43444,486210,W-TRANS,"1,687.69",1.94,"1,685.75",,,,,,,,,,,,,,,,,,,,,,,,,,,,,,,,,,,,,,,,,,
1012821,110070082518,Texas Gas Pipeline Blowdowns,Tennessee,Houston,TX,77046,"9 Greenway Plaza, Suite 2800",HARRIS COUNTY,29.73177,-95.43444,486210,W-TRANS,373.43,0.43,373.00,,,,,,,,,,,,,,,,,,,,,,,,,,,,,,,,,,,,,,,,,,
1012821,110070082518,Texas Gas Pipeline Blowdowns,Kentucky,Houston,TX,77046,"9 Greenway Plaza, Suite 2800",HARRIS COUNTY,29.73177,-95.43444,486210,W-TRANS,"10,101.14",11.64,"10,089.50",,,,,,,,,,,,,,,,,,,,,,,,,,,,,,,,,,,,,,,,,,
1012821,110070082518,Texas Gas Pipeline Blowdowns,Mississippi,Houston,TX,77046,"9 Greenway Plaza, Suite 2800",HARRIS COUNTY,29.73177,-95.43444,486210,W-TRANS,"4,304.21",4.96,"4,299.25",,,,,,,,,,,,,,,,,,,,,,,,,,,,,,,,,,,,,,,,,,
1012821,110070082518,Texas Gas Pipeline Blowdowns,Arkansas,Houston,TX,77046,"9 Greenway Plaza, Suite 2800",HARRIS COUNTY,29.73177,-95.43444,486210,W-TRANS,79.84,0.09,79.75,,,,,,,,,,,,,,,,,,,,,,,,,,,,,,,,,,,,,,,,,,
1012821,110070082518,Texas Gas Pipeline Blowdowns,Illinois,Houston,TX,77046,"9 Greenway Plaza, Suite 2800",HARRIS COUNTY,29.73177,-95.43444,486210,W-TRANS,170.20,0.20,170.00,,,,,,,,,,,,,,,,,,,,,,,,,,,,,,,,,,,,,,,,,,
1012821,110070082518,Texas Gas Pipeline Blowdowns,Indiana,Houston,TX,77046,"9 Greenway Plaza, Suite 2800",HARRIS COUNTY,29.73177,-95.43444,486210,W-TRANS,72.58,0.08,72.50,,,,,,,,,,,,,,,,,,,,,,,,,,,,,,,,,,,,,,,,,,
1012512,110070082336,TransCanada / ANR Pipeline,Montana,Houston,TX,77002,"700 Louisiana St., Suite 700",HARRIS COUNTY,29.7606,-95.36588,486210,W-TRANS,"8,017.07",9.24,"8,007.83",,,,,,,,,,,,,,,,,,,,,,,,,,,,,,,,,,,,,,,,,,
1012512,110070082336,TransCanada / ANR Pipeline,Indiana,Houston,TX,77002,"700 Louisiana St., Suite 700",HARRIS COUNTY,29.7606,-95.36588,486210,W-TRANS,"77,275.53",89.04,"77,186.50",,,,,,,,,,,,,,,,,,,,,,,,,,,,,,,,,,,,,,,,,,
1012512,110070082336,TransCanada / ANR Pipeline,Tennessee,Houston,TX,77002,"700 Louisiana St., Suite 700",HARRIS COUNTY,29.7606,-95.36588,486210,W-TRANS,"4,666.09",5.38,"4,660.71",,,,,,,,,,,,,,,,,,,,,,,,,,,,,,,,,,,,,,,,,,
1012512,110070082336,TransCanada / ANR Pipeline,Ohio,Houston,TX,77002,"700 Louisiana St., Suite 700",HARRIS COUNTY,29.7606,-95.36588,486210,W-TRANS,869.40,1.00,868.40,,,,,,,,,,,,,,,,,,,,,,,,,,,,,,,,,,,,,,,,,,
1012512,110070082336,TransCanada / ANR Pipeline,Oklahoma,Houston,TX,77002,"700 Louisiana St., Suite 700",HARRIS COUNTY,29.7606,-95.36588,486210,W-TRANS,9.24,0.01,9.23,,,,,,,,,,,,,,,,,,,,,,,,,,,,,,,,,,,,,,,,,,
1012512,110070082336,TransCanada / ANR Pipeline,Wisconsin,Houston,TX,77002,"700 Louisiana St., Suite 700",HARRIS COUNTY,29.7606,-95.36588,486210,W-TRANS,"9,180.18",10.58,"9,169.60",,,,,,,,,,,,,,,,,,,,,,,,,,,,,,,,,,,,,,,,,,
1012512,110070082336,TransCanada / ANR Pipeline,Michigan,Houston,TX,77002,"700 Louisiana St., Suite 700",HARRIS COUNTY,29.7606,-95.36588,486210,W-TRANS,"52,064.70",59.99,"52,004.72",,,,,,,,,,,,,,,,,,,,,,,,,,,,,,,,,,,,,,,,,,
1012512,110070082336,TransCanada / ANR Pipeline,Louisiana,Houston,TX,77002,"700 Louisiana St., Suite 700",HARRIS COUNTY,29.7606,-95.36588,486210,W-TRANS,"15,933.57",18.36,"15,915.21",,,,,,,,,,,,,,,,,,,,,,,,,,,,,,,,,,,,,,,,,,
1012512,110070082336,TransCanada / ANR Pipeline,Kansas,Houston,TX,77002,"700 Louisiana St., Suite 700",HARRIS COUNTY,29.7606,-95.36588,486210,W-TRANS,"67,531.14",77.81,"67,453.33",,,,,,,,,,,,,,,,,,,,,,,,,,,,,,,,,,,,,,,,,,
1012512,110070082336,TransCanada / ANR Pipeline,Mississippi,Houston,TX,77002,"700 Louisiana St., Suite 700",HARRIS COUNTY,29.7606,-95.36588,486210,W-TRANS,"3,234.14",3.73,"3,230.41",,,,,,,,,,,,,,,,,,,,,,,,,,,,,,,,,,,,,,,,,,
1012512,110070082336,TransCanada / ANR Pipeline,Illinois,Houston,TX,77002,"700 Louisiana St., Suite 700",HARRIS COUNTY,29.7606,-95.36588,486210,W-TRANS,"5,419.13",6.24,"5,412.88",,,,,,,,,,,,,,,,,,,,,,,,,,,,,,,,,,,,,,,,,,
1012512,110070082336,TransCanada / ANR Pipeline,Iowa,Houston,TX,77002,"700 Louisiana St., Suite 700",HARRIS COUNTY,29.7606,-95.36588,486210,W-TRANS,"31,642.96",36.46,"31,606.50",,,,,,,,,,,,,,,,,,,,,,,,,,,,,,,,,,,,,,,,,,
1012473,110070082311,TransCanada / Columbia Gas Transmission,New York,Houston,TX,77002,"700 Louisiana St., Suite 700",,29.7606,-95.36588,486210,W-TRANS,2.54,0.00,2.54,,,,,,,,,,,,,,,,,,,,,,,,,,,,,,,,,,,,,,,,,,
1012473,110070082311,TransCanada / Columbia Gas Transmission,North Carolina,Houston,TX,77002,"700 Louisiana St., Suite 700",,29.7606,-95.36588,486210,W-TRANS,0.00,0.00,0.00,,,,,,,,,,,,,,,,,,,,,,,,,,,,,,,,,,,,,,,,,,
1012473,110070082311,TransCanada / Columbia Gas Transmission,Virginia,Houston,TX,77002,"700 Louisiana St., Suite 700",,29.7606,-95.36588,486210,W-TRANS,"1,167.64",1.35,"1,166.29",,,,,,,,,,,,,,,,,,,,,,,,,,,,,,,,,,,,,,,,,,
1012473,110070082311,TransCanada / Columbia Gas Transmission,Kentucky,Houston,TX,77002,"700 Louisiana St., Suite 700",,29.7606,-95.36588,486210,W-TRANS,40.55,0.05,40.50,,,,,,,,,,,,,,,,,,,,,,,,,,,,,,,,,,,,,,,,,,
1012473,110070082311,TransCanada / Columbia Gas Transmission,Pennsylvania,Houston,TX,77002,"700 Louisiana St., Suite 700",,29.7606,-95.36588,486210,W-TRANS,"19,858.13",22.88,"19,835.25",,,,,,,,,,,,,,,,,,,,,,,,,,,,,,,,,,,,,,,,,,
1012473,110070082311,TransCanada / Columbia Gas Transmission,Delaware,Houston,TX,77002,"700 Louisiana St., Suite 700",,29.7606,-95.36588,486210,W-TRANS,0.01,0.00,0.01,,,,,,,,,,,,,,,,,,,,,,,,,,,,,,,,,,,,,,,,,,
1012473,110070082311,TransCanada / Columbia Gas Transmission,Maryland,Houston,TX,77002,"700 Louisiana St., Suite 700",,29.7606,-95.36588,486210,W-TRANS,10.42,0.01,10.40,,,,,,,,,,,,,,,,,,,,,,,,,,,,,,,,,,,,,,,,,,
1012473,110070082311,TransCanada / Columbia Gas Transmission,New Jersey,Houston,TX,77002,"700 Louisiana St., Suite 700",,29.7606,-95.36588,486210,W-TRANS,0.00,0.00,0.00,,,,,,,,,,,,,,,,,,,,,,,,,,,,,,,,,,,,,,,,,,
1012473,110070082311,TransCanada / Columbia Gas Transmission,Ohio,Houston,TX,77002,"700 Louisiana St., Suite 700",,29.7606,-95.36588,486210,W-TRANS,"132,774.80",152.98,"132,621.82",,,,,,,,,,,,,,,,,,,,,,,,,,,,,,,,,,,,,,,,,,
1012473,110070082311,TransCanada / Columbia Gas Transmission,West Virginia,Houston,TX,77002,"700 Louisiana St., Suite 700",,29.7606,-95.36588,486210,W-TRANS,"7,363.60",8.48,"7,355.11",,,,,,,,,,,,,,,,,,,,,,,,,,,,,,,,,,,,,,,,,,
1012501,110070082330,TransCanada / Columbia Gulf Transmission,Kentucky,Houston,TX,77002,"700 Louisiana St., Suite 700",HARRIS COUNTY,29.7606,-95.36588,486210,W-TRANS,"9,059.44",10.44,"9,049.01",,,,,,,,,,,,,,,,,,,,,,,,,,,,,,,,,,,,,,,,,,
1012501,110070082330,TransCanada / Columbia Gulf Transmission,Tennessee,Houston,TX,77002,"700 Louisiana St., Suite 700",HARRIS COUNTY,29.7606,-95.36588,486210,W-TRANS,"22,673.32",26.12,"22,647.20",,,,,,,,,,,,,,,,,,,,,,,,,,,,,,,,,,,,,,,,,,
1012501,110070082330,TransCanada / Columbia Gulf Transmission,Louisiana,Houston,TX,77002,"700 Louisiana St., Suite 700",HARRIS COUNTY,29.7606,-95.36588,486210,W-TRANS,7.88,0.01,7.87,,,,,,,,,,,,,,,,,,,,,,,,,,,,,,,,,,,,,,,,,,
1012501,110070082330,TransCanada / Columbia Gulf Transmission,Mississippi,Houston,TX,77002,"700 Louisiana St., Suite 700",HARRIS COUNTY,29.7606,-95.36588,486210,W-TRANS,2.00,0.00,2.00,,,,,,,,,,,,,,,,,,,,,,,,,,,,,,,,,,,,,,,,,,
1013397,,Transcanada/Great Lakes Transmission Co,Michigan,Houston,TX,77002,"700 Louisana St., Suite 700",,29.760776,-95.366306,486210,W-TRANS,"13,318.91",15.35,"13,303.57",,,,,,,,,,,,,,,,,,,,,,,,,,,,,,,,,,,,,,,,,,
1013397,,Transcanada/Great Lakes Transmission Co,Minnesota,Houston,TX,77002,"700 Louisana St., Suite 700",,29.760776,-95.366306,486210,W-TRANS,"35,507.36",40.91,"35,466.44",,,,,,,,,,,,,,,,,,,,,,,,,,,,,,,,,,,,,,,,,,
1013397,,Transcanada/Great Lakes Transmission Co,Wisconsin,Houston,TX,77002,"700 Louisana St., Suite 700",,29.760776,-95.366306,486210,W-TRANS,68.89,0.08,68.81,,,,,,,,,,,,,,,,,,,,,,,,,,,,,,,,,,,,,,,,,,
1012701,110070082451,Transcontinental Gas Pipe Line Company - Pipeline,Texas,Tulsa,OK,74172,One Williams Center,WAGONER COUNTY,36.08256,-95.67245,486210,W-TRANS,511.60,0.59,511.01,,,,,,,,,,,,,,,,,,,,,,,,,,,,,,,,,,,,,,,,,,
1012701,110070082451,Transcontinental Gas Pipe Line Company - Pipeline,Alabama,Tulsa,OK,74172,One Williams Center,WAGONER COUNTY,36.08256,-95.67245,486210,W-TRANS,"3,954.07",4.56,"3,949.52",,,,,,,,,,,,,,,,,,,,,,,,,,,,,,,,,,,,,,,,,,
1012701,110070082451,Transcontinental Gas Pipe Line Company - Pipeline,New Jersey,Tulsa,OK,74172,One Williams Center,WAGONER COUNTY,36.08256,-95.67245,486210,W-TRANS,131.22,0.15,131.07,,,,,,,,,,,,,,,,,,,,,,,,,,,,,,,,,,,,,,,,,,
1012701,110070082451,Transcontinental Gas Pipe Line Company - Pipeline,Delaware,Tulsa,OK,74172,One Williams Center,WAGONER COUNTY,36.08256,-95.67245,486210,W-TRANS,378.03,0.44,377.59,,,,,,,,,,,,,,,,,,,,,,,,,,,,,,,,,,,,,,,,,,
1012701,110070082451,Transcontinental Gas Pipe Line Company - Pipeline,Louisiana,Tulsa,OK,74172,One Williams Center,WAGONER COUNTY,36.08256,-95.67245,486210,W-TRANS,"5,281.85",6.09,"5,275.76",,,,,,,,,,,,,,,,,,,,,,,,,,,,,,,,,,,,,,,,,,
1012701,110070082451,Transcontinental Gas Pipe Line Company - Pipeline,North Carolina,Tulsa,OK,74172,One Williams Center,WAGONER COUNTY,36.08256,-95.67245,486210,W-TRANS,9.42,0.01,9.41,,,,,,,,,,,,,,,,,,,,,,,,,,,,,,,,,,,,,,,,,,
1012701,110070082451,Transcontinental Gas Pipe Line Company - Pipeline,South Carolina,Tulsa,OK,74172,One Williams Center,WAGONER COUNTY,36.08256,-95.67245,486210,W-TRANS,"11,866.00",13.67,"11,852.33",,,,,,,,,,,,,,,,,,,,,,,,,,,,,,,,,,,,,,,,,,
1012701,110070082451,Transcontinental Gas Pipe Line Company - Pipeline,Maryland,Tulsa,OK,74172,One Williams Center,WAGONER COUNTY,36.08256,-95.67245,486210,W-TRANS,"2,596.31",2.99,"2,593.32",,,,,,,,,,,,,,,,,,,,,,,,,,,,,,,,,,,,,,,,,,
1012701,110070082451,Transcontinental Gas Pipe Line Company - Pipeline,Georgia,Tulsa,OK,74172,One Williams Center,WAGONER COUNTY,36.08256,-95.67245,486210,W-TRANS,"12,104.35",13.95,"12,090.40",,,,,,,,,,,,,,,,,,,,,,,,,,,,,,,,,,,,,,,,,,
1012701,110070082451,Transcontinental Gas Pipe Line Company - Pipeline,Pennsylvania,Tulsa,OK,74172,One Williams Center,WAGONER COUNTY,36.08256,-95.67245,486210,W-TRANS,105.75,0.12,105.63,,,,,,,,,,,,,,,,,,,,,,,,,,,,,,,,,,,,,,,,,,
1012701,110070082451,Transcontinental Gas Pipe Line Company - Pipeline,Virginia,Tulsa,OK,74172,One Williams Center,WAGONER COUNTY,36.08256,-95.67245,486210,W-TRANS,"2,559.62",2.95,"2,556.67",,,,,,,,,,,,,,,,,,,,,,,,,,,,,,,,,,,,,,,,,,
1012691,110070082274,Transmission Pipeline - Energy Transfer Fuel LP,Texas,Dallas,TX,75225,8111 Westchester Drive,DALLAS COUNTY,32.861516,-96.806516,486210,W-TRANS,"60,397.38",69.59,"60,327.79",,,,,,,,,,,,,,,,,,,,,,,,,,,,,,,,,,,,,,,,,,
1012409,110070082274,Transmission Pipeline - Florida Gas Transmission,Alabama,Dallas,TX,75225,8111 Westchester Drive,DALLAS COUNTY,32.861516,-96.806516,486210,W-TRANS,506.42,0.58,505.83,,,,,,,,,,,,,,,,,,,,,,,,,,,,,,,,,,,,,,,,,,
1012409,110070082274,Transmission Pipeline - Florida Gas Transmission,Mississippi,Dallas,TX,75225,8111 Westchester Drive,DALLAS COUNTY,32.861516,-96.806516,486210,W-TRANS,"11,746.46",13.53,"11,732.92",,,,,,,,,,,,,,,,,,,,,,,,,,,,,,,,,,,,,,,,,,
1012409,110070082274,Transmission Pipeline - Florida Gas Transmission,Texas,Dallas,TX,75225,8111 Westchester Drive,DALLAS COUNTY,32.861516,-96.806516,486210,W-TRANS,"3,826.56",4.41,"3,822.15",,,,,,,,,,,,,,,,,,,,,,,,,,,,,,,,,,,,,,,,,,
1012409,110070082274,Transmission Pipeline - Florida Gas Transmission,Louisiana,Dallas,TX,75225,8111 Westchester Drive,DALLAS COUNTY,32.861516,-96.806516,486210,W-TRANS,"8,828.80",10.17,"8,818.63",,,,,,,,,,,,,,,,,,,,,,,,,,,,,,,,,,,,,,,,,,
1012409,110070082274,Transmission Pipeline - Florida Gas Transmission,Florida,Dallas,TX,75225,8111 Westchester Drive,DALLAS COUNTY,32.861516,-96.806516,486210,W-TRANS,"164,589.62",189.64,"164,399.98",,,,,,,,,,,,,,,,,,,,,,,,,,,,,,,,,,,,,,,,,,
1012702,110070082274,Transmission Pipeline - Houston Pipe Line Company LP,Texas,Dallas,TX,75225,8111 Westchester Drive,DALLAS COUNTY,32.861516,-96.806516,486210,W-TRANS,"32,968.94",37.99,"32,930.96",,,,,,,,,,,,,,,,,,,,,,,,,,,,,,,,,,,,,,,,,,
1012427,110070082281,Transmission Pipeline - Panhandle Eastern Pipeline Co,Oklahoma,Dallas,TX,75225,8111 Westchester Drive,DALLAS COUNTY,32.861516,-96.806516,486210,W-TRANS,"29,213.28",33.66,"29,179.62",,,,,,,,,,,,,,,,,,,,,,,,,,,,,,,,,,,,,,,,,,
1012427,110070082281,Transmission Pipeline - Panhandle Eastern Pipeline Co,Illinois,Dallas,TX,75225,8111 Westchester Drive,DALLAS COUNTY,32.861516,-96.806516,486210,W-TRANS,"48,881.20",56.32,"48,824.88",,,,,,,,,,,,,,,,,,,,,,,,,,,,,,,,,,,,,,,,,,
1012427,110070082281,Transmission Pipeline - Panhandle Eastern Pipeline Co,Indiana,Dallas,TX,75225,8111 Westchester Drive,DALLAS COUNTY,32.861516,-96.806516,486210,W-TRANS,"39,991.98",46.08,"39,945.90",,,,,,,,,,,,,,,,,,,,,,,,,,,,,,,,,,,,,,,,,,
1012427,110070082281,Transmission Pipeline - Panhandle Eastern Pipeline Co,Michigan,Dallas,TX,75225,8111 Westchester Drive,DALLAS COUNTY,32.861516,-96.806516,486210,W-TRANS,"29,863.63",34.41,"29,829.23",,,,,,,,,,,,,,,,,,,,,,,,,,,,,,,,,,,,,,,,,,
1012427,110070082281,Transmission Pipeline - Panhandle Eastern Pipeline Co,Kansas,Dallas,TX,75225,8111 Westchester Drive,DALLAS COUNTY,32.861516,-96.806516,486210,W-TRANS,"68,502.64",78.93,"68,423.71",,,,,,,,,,,,,,,,,,,,,,,,,,,,,,,,,,,,,,,,,,
1012427,110070082281,Transmission Pipeline - Panhandle Eastern Pipeline Co,Missouri,Dallas,TX,75225,8111 Westchester Drive,DALLAS COUNTY,32.861516,-96.806516,486210,W-TRANS,"70,363.44",81.07,"70,282.37",,,,,,,,,,,,,,,,,,,,,,,,,,,,,,,,,,,,,,,,,,
1013408,110070082274,Transmission Pipeline - Rover Pipeline LLC,Michigan,Dallas,TX,75225,8111 Westchester Drive,DALLAS COUNTY,32.861516,-96.806516,486210,W-TRANS,212.32,0.24,212.08,,,,,,,,,,,,,,,,,,,,,,,,,,,,,,,,,,,,,,,,,,
1013408,110070082274,Transmission Pipeline - Rover Pipeline LLC,Ohio,Dallas,TX,75225,8111 Westchester Drive,DALLAS COUNTY,32.861516,-96.806516,486210,W-TRANS,467.70,0.54,467.16,,,,,,,,,,,,,,,,,,,,,,,,,,,,,,,,,,,,,,,,,,
1013409,110070082274,Transmission Pipeline - Trans-Pecos Pipeline LLC,Texas,Dallas,TX,75225,8111 Westchester Drive,DALLAS COUNTY,32.861516,-96.806516,486210,W-TRANS,"4,346.13",5.01,"4,341.12",,,,,,,,,,,,,,,,,,,,,,,,,,,,,,,,,,,,,,,,,,
1012418,110070082277,Transmission Pipeline - Transwestern Pipeline Company LLC,California,Dallas,TX,75225,8111 Westchester Drive,DALLAS COUNTY,32.861516,-96.806516,486210,W-TRANS,5.25,0.01,5.24,,,,,,,,,,,,,,,,,,,,,,,,,,,,,,,,,,,,,,,,,,
1012418,110070082277,Transmission Pipeline - Transwestern Pipeline Company LLC,Arizona,Dallas,TX,75225,8111 Westchester Drive,DALLAS COUNTY,32.861516,-96.806516,486210,W-TRANS,410.19,0.47,409.72,,,,,,,,,,,,,,,,,,,,,,,,,,,,,,,,,,,,,,,,,,
1012418,110070082277,Transmission Pipeline - Transwestern Pipeline Company LLC,New Mexico,Dallas,TX,75225,8111 Westchester Drive,DALLAS COUNTY,32.861516,-96.806516,486210,W-TRANS,"9,600.74",11.06,"9,589.68",,,,,,,,,,,,,,,,,,,,,,,,,,,,,,,,,,,,,,,,,,
1012418,110070082277,Transmission Pipeline - Transwestern Pipeline Company LLC,Colorado,Dallas,TX,75225,8111 Westchester Drive,DALLAS COUNTY,32.861516,-96.806516,486210,W-TRANS,11.41,0.01,11.40,,,,,,,,,,,,,,,,,,,,,,,,,,,,,,,,,,,,,,,,,,
1012413,110070082276,Transmission Pipeline - Trunkline Gas Co,Indiana,Dallas,TX,75225,8111 Westchester Drive,DALLAS COUNTY,32.861516,-96.806516,486210,W-TRANS,"20,101.11",23.16,"20,077.95",,,,,,,,,,,,,,,,,,,,,,,,,,,,,,,,,,,,,,,,,,
1012413,110070082276,Transmission Pipeline - Trunkline Gas Co,Texas,Dallas,TX,75225,8111 Westchester Drive,DALLAS COUNTY,32.861516,-96.806516,486210,W-TRANS,"1,750.78",2.02,"1,748.76",,,,,,,,,,,,,,,,,,,,,,,,,,,,,,,,,,,,,,,,,,
1012413,110070082276,Transmission Pipeline - Trunkline Gas Co,Kentucky,Dallas,TX,75225,8111 Westchester Drive,DALLAS COUNTY,32.861516,-96.806516,486210,W-TRANS,"1,527.42",1.76,"1,525.66",,,,,,,,,,,,,,,,,,,,,,,,,,,,,,,,,,,,,,,,,,
1012413,110070082276,Transmission Pipeline - Trunkline Gas Co,Illinois,Dallas,TX,75225,8111 Westchester Drive,DALLAS COUNTY,32.861516,-96.806516,486210,W-TRANS,"1,176.78",1.36,"1,175.42",,,,,,,,,,,,,,,,,,,,,,,,,,,,,,,,,,,,,,,,,,
1012291,110070209525,"Transmission Pipeline Facility, Colorado Interstate Gas Company, L.L.C.",Texas,Houston,TX,77002,"1001 Louisiana St, Suite 1000",HARRIS COUNTY,29.75816,-95.36782,486210,W-TRANS,"2,833.35",3.26,"2,830.08",,,,,,,,,,,,,,,,,,,,,,,,,,,,,,,,,,,,,,,,,,
1012291,110070209525,"Transmission Pipeline Facility, Colorado Interstate Gas Company, L.L.C.",Oklahoma,Houston,TX,77002,"1001 Louisiana St, Suite 1000",HARRIS COUNTY,29.75816,-95.36782,486210,W-TRANS,194.48,0.22,194.26,,,,,,,,,,,,,,,,,,,,,,,,,,,,,,,,,,,,,,,,,,
1012291,110070209525,"Transmission Pipeline Facility, Colorado Interstate Gas Company, L.L.C.",Kansas,Houston,TX,77002,"1001 Louisiana St, Suite 1000",HARRIS COUNTY,29.75816,-95.36782,486210,W-TRANS,56.43,0.07,56.36,,,,,,,,,,,,,,,,,,,,,,,,,,,,,,,,,,,,,,,,,,
1012291,110070209525,"Transmission Pipeline Facility, Colorado Interstate Gas Company, L.L.C.",Wyoming,Houston,TX,77002,"1001 Louisiana St, Suite 1000",HARRIS COUNTY,29.75816,-95.36782,486210,W-TRANS,"9,399.81",10.83,"9,388.98",,,,,,,,,,,,,,,,,,,,,,,,,,,,,,,,,,,,,,,,,,
1012291,110070209525,"Transmission Pipeline Facility, Colorado Interstate Gas Company, L.L.C.",Colorado,Houston,TX,77002,"1001 Louisiana St, Suite 1000",HARRIS COUNTY,29.75816,-95.36782,486210,W-TRANS,"31,779.16",36.62,"31,742.55",,,,,,,,,,,,,,,,,,,,,,,,,,,,,,,,,,,,,,,,,,
1012290,110070082224,"Transmission Pipeline Facility, El Paso Natural Gas Company, L.L.C.",Texas,Houston,TX,77002,"1001 Louisiana St, Suite 1000",HARRIS COUNTY,29.75816,-95.36782,486210,W-TRANS,"47,104.01",54.27,"47,049.74",,,,,,,,,,,,,,,,,,,,,,,,,,,,,,,,,,,,,,,,,,
1012290,110070082224,"Transmission Pipeline Facility, El Paso Natural Gas Company, L.L.C.",California,Houston,TX,77002,"1001 Louisiana St, Suite 1000",HARRIS COUNTY,29.75816,-95.36782,486210,W-TRANS,2.33,0.00,2.33,,,,,,,,,,,,,,,,,,,,,,,,,,,,,,,,,,,,,,,,,,
1012290,110070082224,"Transmission Pipeline Facility, El Paso Natural Gas Company, L.L.C.",Arizona,Houston,TX,77002,"1001 Louisiana St, Suite 1000",HARRIS COUNTY,29.75816,-95.36782,486210,W-TRANS,"139,723.42",160.99,"139,562.44",,,,,,,,,,,,,,,,,,,,,,,,,,,,,,,,,,,,,,,,,,
1012290,110070082224,"Transmission Pipeline Facility, El Paso Natural Gas Company, L.L.C.",New Mexico,Houston,TX,77002,"1001 Louisiana St, Suite 1000",HARRIS COUNTY,29.75816,-95.36782,486210,W-TRANS,"34,433.03",39.67,"34,393.36",,,,,,,,,,,,,,,,,,,,,,,,,,,,,,,,,,,,,,,,,,
1012290,110070082224,"Transmission Pipeline Facility, El Paso Natural Gas Company, L.L.C.",Colorado,Houston,TX,77002,"1001 Louisiana St, Suite 1000",HARRIS COUNTY,29.75816,-95.36782,486210,W-TRANS,4.29,0.00,4.29,,,,,,,,,,,,,,,,,,,,,,,,,,,,,,,,,,,,,,,,,,
1012290,110070082224,"Transmission Pipeline Facility, El Paso Natural Gas Company, L.L.C.",Oklahoma,Houston,TX,77002,"1001 Louisiana St, Suite 1000",HARRIS COUNTY,29.75816,-95.36782,486210,W-TRANS,17.07,0.02,17.05,,,,,,,,,,,,,,,,,,,,,,,,,,,,,,,,,,,,,,,,,,
1012282,110070069556,"Transmission Pipeline Facility, Elba Express Company, L.L.C.",Georgia,Houston,TX,77002,"1001 Louisiana St, Suite 1000",HARRIS COUNTY,29.75816,-95.36782,486210,W-TRANS,13.62,0.02,13.61,,,,,,,,,,,,,,,,,,,,,,,,,,,,,,,,,,,,,,,,,,
1012281,110070209522,"Transmission Pipeline Facility, Kinder Morgan Tejas Pipeline LLC",Texas,Houston,TX,77002,"1001 Louisiana St, Suite 1000",HARRIS COUNTY,29.75816,-95.36782,486210,W-TRANS,"163,414.52",188.28,"163,226.24",,,,,,,,,,,,,,,,,,,,,,,,,,,,,,,,,,,,,,,,,,
1012294,110070209522,"Transmission Pipeline Facility, Kinder Morgan Texas Pipeline LLC",Texas,Houston,TX,77002,"1001 Louisiana St, Suite 1000",HARRIS COUNTY,29.75816,-95.36782,486210,W-TRANS,"77,687.36",89.51,"77,597.85",,,,,,,,,,,,,,,,,,,,,,,,,,,,,,,,,,,,,,,,,,
1012260,110070069550,"Transmission Pipeline Facility, Natural Gas Pipeline Company of America LLC",Kansas,Houston,TX,77002,"1001 Louisiana St, Suite 1000",HARRIS COUNTY,29.75816,-95.36782,486210,W-TRANS,"92,625.19",106.72,"92,518.47",,,,,,,,,,,,,,,,,,,,,,,,,,,,,,,,,,,,,,,,,,
1012260,110070069550,"Transmission Pipeline Facility, Natural Gas Pipeline Company of America LLC",Iowa,Houston,TX,77002,"1001 Louisiana St, Suite 1000",HARRIS COUNTY,29.75816,-95.36782,486210,W-TRANS,"188,636.38",217.34,"188,419.04",,,,,,,,,,,,,,,,,,,,,,,,,,,,,,,,,,,,,,,,,,
1012260,110070069550,"Transmission Pipeline Facility, Natural Gas Pipeline Company of America LLC",Louisiana,Houston,TX,77002,"1001 Louisiana St, Suite 1000",HARRIS COUNTY,29.75816,-95.36782,486210,W-TRANS,"1,627.00",1.87,"1,625.12",,,,,,,,,,,,,,,,,,,,,,,,,,,,,,,,,,,,,,,,,,
1012260,110070069550,"Transmission Pipeline Facility, Natural Gas Pipeline Company of America LLC",Texas,Houston,TX,77002,"1001 Louisiana St, Suite 1000",HARRIS COUNTY,29.75816,-95.36782,486210,W-TRANS,"106,757.77",123.00,"106,634.76",,,,,,,,,,,,,,,,,,,,,,,,,,,,,,,,,,,,,,,,,,
1012260,110070069550,"Transmission Pipeline Facility, Natural Gas Pipeline Company of America LLC",Illinois,Houston,TX,77002,"1001 Louisiana St, Suite 1000",HARRIS COUNTY,29.75816,-95.36782,486210,W-TRANS,"145,287.42",167.40,"145,120.02",,,,,,,,,,,,,,,,,,,,,,,,,,,,,,,,,,,,,,,,,,
1012260,110070069550,"Transmission Pipeline Facility, Natural Gas Pipeline Company of America LLC",Nebraska,Houston,TX,77002,"1001 Louisiana St, Suite 1000",HARRIS COUNTY,29.75816,-95.36782,486210,W-TRANS,"55,247.36",63.65,"55,183.70",,,,,,,,,,,,,,,,,,,,,,,,,,,,,,,,,,,,,,,,,,
1012260,110070069550,"Transmission Pipeline Facility, Natural Gas Pipeline Company of America LLC",Oklahoma,Houston,TX,77002,"1001 Louisiana St, Suite 1000",HARRIS COUNTY,29.75816,-95.36782,486210,W-TRANS,"11,875.44",13.68,"11,861.76",,,,,,,,,,,,,,,,,,,,,,,,,,,,,,,,,,,,,,,,,,
1012260,110070069550,"Transmission Pipeline Facility, Natural Gas Pipeline Company of America LLC",Missouri,Houston,TX,77002,"1001 Louisiana St, Suite 1000",HARRIS COUNTY,29.75816,-95.36782,486210,W-TRANS,"13,194.70",15.20,"13,179.50",,,,,,,,,,,,,,,,,,,,,,,,,,,,,,,,,,,,,,,,,,
1012260,110070069550,"Transmission Pipeline Facility, Natural Gas Pipeline Company of America LLC",New Mexico,Houston,TX,77002,"1001 Louisiana St, Suite 1000",HARRIS COUNTY,29.75816,-95.36782,486210,W-TRANS,"17,529.61",20.20,"17,509.41",,,,,,,,,,,,,,,,,,,,,,,,,,,,,,,,,,,,,,,,,,
1012260,110070069550,"Transmission Pipeline Facility, Natural Gas Pipeline Company of America LLC",Arkansas,Houston,TX,77002,"1001 Louisiana St, Suite 1000",HARRIS COUNTY,29.75816,-95.36782,486210,W-TRANS,"9,826.59",11.32,"9,815.27",,,,,,,,,,,,,,,,,,,,,,,,,,,,,,,,,,,,,,,,,,
1012293,110070209522,"Transmission Pipeline Facility, Ruby Pipeline, L.L.C.",Nevada,Houston,TX,77002,"1001 Louisiana St, Suite 1000",HARRIS COUNTY,29.75816,-95.36782,486210,W-TRANS,29.98,0.03,29.95,,,,,,,,,,,,,,,,,,,,,,,,,,,,,,,,,,,,,,,,,,
1012293,110070209522,"Transmission Pipeline Facility, Ruby Pipeline, L.L.C.",Oregon,Houston,TX,77002,"1001 Louisiana St, Suite 1000",HARRIS COUNTY,29.75816,-95.36782,486210,W-TRANS,625.13,0.72,624.41,,,,,,,,,,,,,,,,,,,,,,,,,,,,,,,,,,,,,,,,,,
1012293,110070209522,"Transmission Pipeline Facility, Ruby Pipeline, L.L.C.",Wyoming,Houston,TX,77002,"1001 Louisiana St, Suite 1000",HARRIS COUNTY,29.75816,-95.36782,486210,W-TRANS,"68,462.46",78.88,"68,383.57",,,,,,,,,,,,,,,,,,,,,,,,,,,,,,,,,,,,,,,,,,
1012259,110070069549,"Transmission Pipeline Facility, Southern Natural Gas Company, L.L.C.",Mississippi,Houston,TX,77002,"1001 Louisiana St, Suite 1000",HARRIS COUNTY,29.75816,-95.36782,486210,W-TRANS,"4,355.68",5.02,"4,350.66",,,,,,,,,,,,,,,,,,,,,,,,,,,,,,,,,,,,,,,,,,
1012259,110070069549,"Transmission Pipeline Facility, Southern Natural Gas Company, L.L.C.",South Carolina,Houston,TX,77002,"1001 Louisiana St, Suite 1000",HARRIS COUNTY,29.75816,-95.36782,486210,W-TRANS,12.92,0.01,12.91,,,,,,,,,,,,,,,,,,,,,,,,,,,,,,,,,,,,,,,,,,
1012259,110070069549,"Transmission Pipeline Facility, Southern Natural Gas Company, L.L.C.",Alabama,Houston,TX,77002,"1001 Louisiana St, Suite 1000",HARRIS COUNTY,29.75816,-95.36782,486210,W-TRANS,"24,831.25",28.61,"24,802.64",,,,,,,,,,,,,,,,,,,,,,,,,,,,,,,,,,,,,,,,,,
1012259,110070069549,"Transmission Pipeline Facility, Southern Natural Gas Company, L.L.C.",Louisiana,Houston,TX,77002,"1001 Louisiana St, Suite 1000",HARRIS COUNTY,29.75816,-95.36782,486210,W-TRANS,"1,068.43",1.23,"1,067.20",,,,,,,,,,,,,,,,,,,,,,,,,,,,,,,,,,,,,,,,,,
1012259,110070069549,"Transmission Pipeline Facility, Southern Natural Gas Company, L.L.C.",Georgia,Houston,TX,77002,"1001 Louisiana St, Suite 1000",HARRIS COUNTY,29.75816,-95.36782,486210,W-TRANS,"56,872.56",65.53,"56,807.03",,,,,,,,,,,,,,,,,,,,,,,,,,,,,,,,,,,,,,,,,,
1012277,110070082221,"Transmission Pipeline Facility, Tennessee Gas Pipeline Company, L.L.C.",Mississippi,Houston,TX,77002,"1001 Louisiana St, Suite 1000",HARRIS COUNTY,29.75816,-95.36782,486210,W-TRANS,"23,096.65",26.61,"23,070.04",,,,,,,,,,,,,,,,,,,,,,,,,,,,,,,,,,,,,,,,,,
1012277,110070082221,"Transmission Pipeline Facility, Tennessee Gas Pipeline Company, L.L.C.",New Hampshire,Houston,TX,77002,"1001 Louisiana St, Suite 1000",HARRIS COUNTY,29.75816,-95.36782,486210,W-TRANS,122.81,0.14,122.67,,,,,,,,,,,,,,,,,,,,,,,,,,,,,,,,,,,,,,,,,,
1012277,110070082221,"Transmission Pipeline Facility, Tennessee Gas Pipeline Company, L.L.C.",Pennsylvania,Houston,TX,77002,"1001 Louisiana St, Suite 1000",HARRIS COUNTY,29.75816,-95.36782,486210,W-TRANS,"7,658.58",8.82,"7,649.76",,,,,,,,,,,,,,,,,,,,,,,,,,,,,,,,,,,,,,,,,,
1012277,110070082221,"Transmission Pipeline Facility, Tennessee Gas Pipeline Company, L.L.C.",Alabama,Houston,TX,77002,"1001 Louisiana St, Suite 1000",HARRIS COUNTY,29.75816,-95.36782,486210,W-TRANS,"3,747.03",4.32,"3,742.71",,,,,,,,,,,,,,,,,,,,,,,,,,,,,,,,,,,,,,,,,,
1012277,110070082221,"Transmission Pipeline Facility, Tennessee Gas Pipeline Company, L.L.C.",New Jersey,Houston,TX,77002,"1001 Louisiana St, Suite 1000",HARRIS COUNTY,29.75816,-95.36782,486210,W-TRANS,16.05,0.02,16.03,,,,,,,,,,,,,,,,,,,,,,,,,,,,,,,,,,,,,,,,,,
1012277,110070082221,"Transmission Pipeline Facility, Tennessee Gas Pipeline Company, L.L.C.",Connecticut,Houston,TX,77002,"1001 Louisiana St, Suite 1000",HARRIS COUNTY,29.75816,-95.36782,486210,W-TRANS,193.01,0.22,192.79,,,,,,,,,,,,,,,,,,,,,,,,,,,,,,,,,,,,,,,,,,
1012277,110070082221,"Transmission Pipeline Facility, Tennessee Gas Pipeline Company, L.L.C.",Ohio,Houston,TX,77002,"1001 Louisiana St, Suite 1000",HARRIS COUNTY,29.75816,-95.36782,486210,W-TRANS,"1,659.36",1.91,"1,657.44",,,,,,,,,,,,,,,,,,,,,,,,,,,,,,,,,,,,,,,,,,
1012277,110070082221,"Transmission Pipeline Facility, Tennessee Gas Pipeline Company, L.L.C.",Louisiana,Houston,TX,77002,"1001 Louisiana St, Suite 1000",HARRIS COUNTY,29.75816,-95.36782,486210,W-TRANS,"4,631.38",5.34,"4,626.04",,,,,,,,,,,,,,,,,,,,,,,,,,,,,,,,,,,,,,,,,,
1012277,110070082221,"Transmission Pipeline Facility, Tennessee Gas Pipeline Company, L.L.C.",Rhode Island,Houston,TX,77002,"1001 Louisiana St, Suite 1000",HARRIS COUNTY,29.75816,-95.36782,486210,W-TRANS,0.90,0.00,0.90,,,,,,,,,,,,,,,,,,,,,,,,,,,,,,,,,,,,,,,,,,
1012277,110070082221,"Transmission Pipeline Facility, Tennessee Gas Pipeline Company, L.L.C.",Tennessee,Houston,TX,77002,"1001 Louisiana St, Suite 1000",HARRIS COUNTY,29.75816,-95.36782,486210,W-TRANS,"16,747.89",19.30,"16,728.59",,,,,,,,,,,,,,,,,,,,,,,,,,,,,,,,,,,,,,,,,,
1012277,110070082221,"Transmission Pipeline Facility, Tennessee Gas Pipeline Company, L.L.C.",Texas,Houston,TX,77002,"1001 Louisiana St, Suite 1000",HARRIS COUNTY,29.75816,-95.36782,486210,W-TRANS,"10,246.35",11.81,"10,234.55",,,,,,,,,,,,,,,,,,,,,,,,,,,,,,,,,,,,,,,,,,
1012277,110070082221,"Transmission Pipeline Facility, Tennessee Gas Pipeline Company, L.L.C.",West Virginia,Houston,TX,77002,"1001 Louisiana St, Suite 1000",HARRIS COUNTY,29.75816,-95.36782,486210,W-TRANS,16.07,0.02,16.05,,,,,,,,,,,,,,,,,,,,,,,,,,,,,,,,,,,,,,,,,,
1012277,110070082221,"Transmission Pipeline Facility, Tennessee Gas Pipeline Company, L.L.C.",New York,Houston,TX,77002,"1001 Louisiana St, Suite 1000",HARRIS COUNTY,29.75816,-95.36782,486210,W-TRANS,"3,034.65",3.50,"3,031.15",,,,,,,,,,,,,,,,,,,,,,,,,,,,,,,,,,,,,,,,,,
1012277,110070082221,"Transmission Pipeline Facility, Tennessee Gas Pipeline Company, L.L.C.",Kentucky,Houston,TX,77002,"1001 Louisiana St, Suite 1000",HARRIS COUNTY,29.75816,-95.36782,486210,W-TRANS,"18,037.82",20.78,"18,017.04",,,,,,,,,,,,,,,,,,,,,,,,,,,,,,,,,,,,,,,,,,
1012277,110070082221,"Transmission Pipeline Facility, Tennessee Gas Pipeline Company, L.L.C.",Massachusetts,Houston,TX,77002,"1001 Louisiana St, Suite 1000",HARRIS COUNTY,29.75816,-95.36782,486210,W-TRANS,"1,181.01",1.36,"1,179.65",,,,,,,,,,,,,,,,,,,,,,,,,,,,,,,,,,,,,,,,,,
1013273,110070525516,WBI Energy Transmission Pipeline Facility,South Dakota,Bismarck,ND,58506,1250 West Century Avenue,BURLEIGH COUNTY,46.83269,-100.812,486210,W-TRANS,"3,939.75",4.50,"3,935.25",,,,,,,,,,,,,,,,,,,,,,,,,,,,,,,,,,,,,,,,,,
1013273,110070525516,WBI Energy Transmission Pipeline Facility,Montana,Bismarck,ND,58506,1250 West Century Avenue,BURLEIGH COUNTY,46.83269,-100.812,486210,W-TRANS,"2,624.50",3.00,"2,621.50",,,,,,,,,,,,,,,,,,,,,,,,,,,,,,,,,,,,,,,,,,
1013273,110070525516,WBI Energy Transmission Pipeline Facility,Wyoming,Bismarck,ND,58506,1250 West Century Avenue,BURLEIGH COUNTY,46.83269,-100.812,486210,W-TRANS,"2,407.55",2.80,"2,404.75",,,,,,,,,,,,,,,,,,,,,,,,,,,,,,,,,,,,,,,,,,
1013273,110070525516,WBI Energy Transmission Pipeline Facility,North Dakota,Bismarck,ND,58506,1250 West Century Avenue,BURLEIGH COUNTY,46.83269,-100.812,486210,W-TRANS,"2,276.85",2.60,"2,274.25",,,,,,,,,,,,,,,,,,,,,,,,,,,,,,,,,,,,,,,,,,